2025-08-22T17:16:50,045 INFO  com.italo.email_service.EmailServiceApplication - Starting EmailServiceApplication using Java 21.0.8 with PID 10392 (D:\desafios\email-service\target\classes started by italo in D:\desafios\email-service)
2025-08-22T17:16:50,049 INFO  com.italo.email_service.EmailServiceApplication - No active profile set, falling back to 1 default profile: "default"
2025-08-22T17:16:50,203 INFO  org.springframework.boot.web.embedded.tomcat.TomcatWebServer - Tomcat initialized with port 8080 (http)
2025-08-22T17:16:50,204 INFO  org.apache.coyote.http11.Http11NioProtocol - Initializing ProtocolHandler ["http-nio-8080"]
2025-08-22T17:16:50,205 INFO  org.apache.catalina.core.StandardService - Starting service [Tomcat]
2025-08-22T17:16:50,206 INFO  org.apache.catalina.core.StandardEngine - Starting Servlet engine: [Apache Tomcat/10.1.44]
2025-08-22T17:16:50,221 INFO  org.apache.catalina.core.ContainerBase.[Tomcat].[localhost].[/] - Initializing Spring embedded WebApplicationContext
2025-08-22T17:16:50,223 INFO  org.springframework.boot.web.servlet.context.ServletWebServerApplicationContext - Root WebApplicationContext: initialization completed in 170 ms
2025-08-22T17:16:50,290 INFO  org.springframework.boot.devtools.autoconfigure.OptionalLiveReloadServer - LiveReload server is running on port 35729
2025-08-22T17:16:50,294 INFO  org.apache.coyote.http11.Http11NioProtocol - Starting ProtocolHandler ["http-nio-8080"]
2025-08-22T17:16:50,297 INFO  org.springframework.boot.web.embedded.tomcat.TomcatWebServer - Tomcat started on port 8080 (http) with context path '/'
2025-08-22T17:16:50,300 INFO  com.italo.email_service.EmailServiceApplication - Started EmailServiceApplication in 0.332 seconds (process running for 40.027)
2025-08-22T17:16:50,302 INFO  org.springframework.boot.devtools.autoconfigure.ConditionEvaluationDeltaLoggingListener - Condition evaluation unchanged
2025-08-22T17:22:13,679 INFO  com.italo.email_service.EmailServiceApplication - Starting EmailServiceApplication using Java 21.0.8 with PID 13252 (D:\desafios\email-service\target\classes started by italo in D:\desafios\email-service)
2025-08-22T17:22:13,688 INFO  com.italo.email_service.EmailServiceApplication - No active profile set, falling back to 1 default profile: "default"
2025-08-22T17:22:13,722 INFO  org.springframework.boot.devtools.env.DevToolsPropertyDefaultsPostProcessor - Devtools property defaults active! Set 'spring.devtools.add-properties' to 'false' to disable
2025-08-22T17:22:13,722 INFO  org.springframework.boot.devtools.env.DevToolsPropertyDefaultsPostProcessor - For additional web related logging consider setting the 'logging.level.web' property to 'DEBUG'
2025-08-22T17:22:14,727 INFO  org.springframework.boot.web.embedded.tomcat.TomcatWebServer - Tomcat initialized with port 8080 (http)
2025-08-22T17:22:14,742 INFO  org.apache.coyote.http11.Http11NioProtocol - Initializing ProtocolHandler ["http-nio-8080"]
2025-08-22T17:22:14,745 INFO  org.apache.catalina.core.StandardService - Starting service [Tomcat]
2025-08-22T17:22:14,745 INFO  org.apache.catalina.core.StandardEngine - Starting Servlet engine: [Apache Tomcat/10.1.44]
2025-08-22T17:22:14,782 INFO  org.apache.catalina.core.ContainerBase.[Tomcat].[localhost].[/] - Initializing Spring embedded WebApplicationContext
2025-08-22T17:22:14,783 INFO  org.springframework.boot.web.servlet.context.ServletWebServerApplicationContext - Root WebApplicationContext: initialization completed in 1059 ms
2025-08-22T17:22:15,657 INFO  org.springframework.boot.devtools.autoconfigure.OptionalLiveReloadServer - LiveReload server is running on port 35729
2025-08-22T17:22:15,693 INFO  org.apache.coyote.http11.Http11NioProtocol - Starting ProtocolHandler ["http-nio-8080"]
2025-08-22T17:22:15,707 INFO  org.springframework.boot.web.embedded.tomcat.TomcatWebServer - Tomcat started on port 8080 (http) with context path '/'
2025-08-22T17:22:15,710 INFO  org.springframework.amqp.rabbit.connection.CachingConnectionFactory - Attempting to connect to: [localhost:5672]
2025-08-22T17:22:15,717 INFO  org.springframework.amqp.rabbit.listener.SimpleMessageListenerContainer - Broker not available; cannot force queue declarations during start: java.net.ConnectException: Connection refused: getsockopt
2025-08-22T17:22:15,722 INFO  org.springframework.amqp.rabbit.connection.CachingConnectionFactory - Attempting to connect to: [localhost:5672]
2025-08-22T17:22:15,738 ERROR org.springframework.amqp.rabbit.listener.SimpleMessageListenerContainer - Failed to check/redeclare auto-delete queue(s).
org.springframework.amqp.AmqpConnectException: java.net.ConnectException: Connection refused: getsockopt
	at org.springframework.amqp.rabbit.support.RabbitExceptionTranslator.convertRabbitAccessException(RabbitExceptionTranslator.java:61) ~[spring-rabbit-3.2.6.jar:3.2.6]
	at org.springframework.amqp.rabbit.connection.AbstractConnectionFactory.createBareConnection(AbstractConnectionFactory.java:632) ~[spring-rabbit-3.2.6.jar:3.2.6]
	at org.springframework.amqp.rabbit.connection.CachingConnectionFactory.createConnection(CachingConnectionFactory.java:726) ~[spring-rabbit-3.2.6.jar:3.2.6]
	at org.springframework.amqp.rabbit.connection.ConnectionFactoryUtils.createConnection(ConnectionFactoryUtils.java:257) ~[spring-rabbit-3.2.6.jar:3.2.6]
	at org.springframework.amqp.rabbit.core.RabbitTemplate.doExecute(RabbitTemplate.java:2262) ~[spring-rabbit-3.2.6.jar:3.2.6]
	at org.springframework.amqp.rabbit.core.RabbitTemplate.execute(RabbitTemplate.java:2235) ~[spring-rabbit-3.2.6.jar:3.2.6]
	at org.springframework.amqp.rabbit.core.RabbitTemplate.execute(RabbitTemplate.java:2215) ~[spring-rabbit-3.2.6.jar:3.2.6]
	at org.springframework.amqp.rabbit.core.RabbitAdmin.getQueueInfo(RabbitAdmin.java:467) ~[spring-rabbit-3.2.6.jar:3.2.6]
	at org.springframework.amqp.rabbit.core.RabbitAdmin.getQueueProperties(RabbitAdmin.java:451) ~[spring-rabbit-3.2.6.jar:3.2.6]
	at org.springframework.amqp.rabbit.listener.AbstractMessageListenerContainer.attemptDeclarations(AbstractMessageListenerContainer.java:1972) ~[spring-rabbit-3.2.6.jar:3.2.6]
	at org.springframework.amqp.rabbit.listener.AbstractMessageListenerContainer.redeclareElementsIfNecessary(AbstractMessageListenerContainer.java:1936) ~[spring-rabbit-3.2.6.jar:3.2.6]
	at org.springframework.amqp.rabbit.listener.SimpleMessageListenerContainer$AsyncMessageProcessingConsumer.initialize(SimpleMessageListenerContainer.java:1481) ~[spring-rabbit-3.2.6.jar:3.2.6]
	at org.springframework.amqp.rabbit.listener.SimpleMessageListenerContainer$AsyncMessageProcessingConsumer.run(SimpleMessageListenerContainer.java:1322) ~[spring-rabbit-3.2.6.jar:3.2.6]
	at java.base/java.lang.Thread.run(Unknown Source) [?:?]
Caused by: java.net.ConnectException: Connection refused: getsockopt
	at java.base/sun.nio.ch.Net.pollConnect(Native Method) ~[?:?]
	at java.base/sun.nio.ch.Net.pollConnectNow(Unknown Source) ~[?:?]
	at java.base/sun.nio.ch.NioSocketImpl.timedFinishConnect(Unknown Source) ~[?:?]
	at java.base/sun.nio.ch.NioSocketImpl.connect(Unknown Source) ~[?:?]
	at java.base/java.net.SocksSocketImpl.connect(Unknown Source) ~[?:?]
	at java.base/java.net.Socket.connect(Unknown Source) ~[?:?]
	at com.rabbitmq.client.impl.SocketFrameHandlerFactory.create(SocketFrameHandlerFactory.java:61) ~[amqp-client-5.25.0.jar:5.25.0]
	at com.rabbitmq.client.ConnectionFactory.newConnection(ConnectionFactory.java:1249) ~[amqp-client-5.25.0.jar:5.25.0]
	at com.rabbitmq.client.ConnectionFactory.newConnection(ConnectionFactory.java:1198) ~[amqp-client-5.25.0.jar:5.25.0]
	at org.springframework.amqp.rabbit.connection.AbstractConnectionFactory.connectAddresses(AbstractConnectionFactory.java:678) ~[spring-rabbit-3.2.6.jar:3.2.6]
	at org.springframework.amqp.rabbit.connection.AbstractConnectionFactory.connect(AbstractConnectionFactory.java:647) ~[spring-rabbit-3.2.6.jar:3.2.6]
	at org.springframework.amqp.rabbit.connection.AbstractConnectionFactory.createBareConnection(AbstractConnectionFactory.java:593) ~[spring-rabbit-3.2.6.jar:3.2.6]
	... 12 more
2025-08-22T17:22:15,750 INFO  org.springframework.amqp.rabbit.connection.CachingConnectionFactory - Attempting to connect to: [localhost:5672]
2025-08-22T17:22:15,758 INFO  com.italo.email_service.EmailServiceApplication - Started EmailServiceApplication in 2.438 seconds (process running for 2.986)
2025-08-22T17:22:20,874 WARN  org.springframework.amqp.rabbit.listener.SimpleMessageListenerContainer - Consumer raised exception, processing can restart if the connection factory supports it. Exception summary: org.springframework.amqp.AmqpConnectException: java.net.ConnectException: Connection refused: getsockopt
2025-08-22T17:22:20,875 INFO  org.springframework.amqp.rabbit.listener.SimpleMessageListenerContainer - Restarting Consumer@2c9027c5: tags=[[]], channel=null, acknowledgeMode=AUTO local queue size=0
2025-08-22T17:22:20,885 INFO  org.springframework.amqp.rabbit.connection.CachingConnectionFactory - Attempting to connect to: [localhost:5672]
2025-08-22T17:22:20,886 ERROR org.springframework.amqp.rabbit.listener.SimpleMessageListenerContainer - Failed to check/redeclare auto-delete queue(s).
2025-08-22T17:22:20,887 INFO  org.springframework.amqp.rabbit.connection.CachingConnectionFactory - Attempting to connect to: [localhost:5672]
2025-08-22T17:22:26,026 WARN  org.springframework.amqp.rabbit.listener.SimpleMessageListenerContainer - Consumer raised exception, processing can restart if the connection factory supports it. Exception summary: org.springframework.amqp.AmqpConnectException: java.net.ConnectException: Connection refused: getsockopt
2025-08-22T17:22:26,026 INFO  org.springframework.amqp.rabbit.listener.SimpleMessageListenerContainer - Restarting Consumer@568efaaa: tags=[[]], channel=null, acknowledgeMode=AUTO local queue size=0
2025-08-22T17:22:26,027 INFO  org.springframework.amqp.rabbit.connection.CachingConnectionFactory - Attempting to connect to: [localhost:5672]
2025-08-22T17:22:26,042 ERROR org.springframework.amqp.rabbit.listener.SimpleMessageListenerContainer - Failed to check/redeclare auto-delete queue(s).
2025-08-22T17:22:26,042 INFO  org.springframework.amqp.rabbit.connection.CachingConnectionFactory - Attempting to connect to: [localhost:5672]
2025-08-22T17:22:31,178 WARN  org.springframework.amqp.rabbit.listener.SimpleMessageListenerContainer - Consumer raised exception, processing can restart if the connection factory supports it. Exception summary: org.springframework.amqp.AmqpConnectException: java.net.ConnectException: Connection refused: getsockopt
2025-08-22T17:22:31,178 INFO  org.springframework.amqp.rabbit.listener.SimpleMessageListenerContainer - Restarting Consumer@1d158665: tags=[[]], channel=null, acknowledgeMode=AUTO local queue size=0
2025-08-22T17:22:31,180 INFO  org.springframework.amqp.rabbit.connection.CachingConnectionFactory - Attempting to connect to: [localhost:5672]
2025-08-22T17:22:31,210 ERROR org.springframework.amqp.rabbit.listener.SimpleMessageListenerContainer - Failed to check/redeclare auto-delete queue(s).
2025-08-22T17:22:31,211 INFO  org.springframework.amqp.rabbit.connection.CachingConnectionFactory - Attempting to connect to: [localhost:5672]
2025-08-22T17:22:36,335 WARN  org.springframework.amqp.rabbit.listener.SimpleMessageListenerContainer - Consumer raised exception, processing can restart if the connection factory supports it. Exception summary: org.springframework.amqp.AmqpConnectException: java.net.ConnectException: Connection refused: getsockopt
2025-08-22T17:22:36,335 INFO  org.springframework.amqp.rabbit.listener.SimpleMessageListenerContainer - Restarting Consumer@5b191ae6: tags=[[]], channel=null, acknowledgeMode=AUTO local queue size=0
2025-08-22T17:22:36,336 INFO  org.springframework.amqp.rabbit.connection.CachingConnectionFactory - Attempting to connect to: [localhost:5672]
2025-08-22T17:22:36,367 ERROR org.springframework.amqp.rabbit.listener.SimpleMessageListenerContainer - Failed to check/redeclare auto-delete queue(s).
2025-08-22T17:22:36,367 INFO  org.springframework.amqp.rabbit.connection.CachingConnectionFactory - Attempting to connect to: [localhost:5672]
2025-08-22T17:22:41,498 WARN  org.springframework.amqp.rabbit.listener.SimpleMessageListenerContainer - Consumer raised exception, processing can restart if the connection factory supports it. Exception summary: org.springframework.amqp.AmqpConnectException: java.net.ConnectException: Connection refused: getsockopt
2025-08-22T17:22:41,498 INFO  org.springframework.amqp.rabbit.listener.SimpleMessageListenerContainer - Restarting Consumer@20c055a6: tags=[[]], channel=null, acknowledgeMode=AUTO local queue size=0
2025-08-22T17:22:41,500 INFO  org.springframework.amqp.rabbit.connection.CachingConnectionFactory - Attempting to connect to: [localhost:5672]
2025-08-22T17:22:41,501 ERROR org.springframework.amqp.rabbit.listener.SimpleMessageListenerContainer - Failed to check/redeclare auto-delete queue(s).
2025-08-22T17:22:41,501 INFO  org.springframework.amqp.rabbit.connection.CachingConnectionFactory - Attempting to connect to: [localhost:5672]
2025-08-22T17:22:46,636 WARN  org.springframework.amqp.rabbit.listener.SimpleMessageListenerContainer - Consumer raised exception, processing can restart if the connection factory supports it. Exception summary: org.springframework.amqp.AmqpConnectException: java.net.ConnectException: Connection refused: getsockopt
2025-08-22T17:22:46,636 INFO  org.springframework.amqp.rabbit.listener.SimpleMessageListenerContainer - Restarting Consumer@63f5ab0c: tags=[[]], channel=null, acknowledgeMode=AUTO local queue size=0
2025-08-22T17:22:46,638 INFO  org.springframework.amqp.rabbit.connection.CachingConnectionFactory - Attempting to connect to: [localhost:5672]
2025-08-22T17:22:46,652 ERROR org.springframework.amqp.rabbit.listener.SimpleMessageListenerContainer - Failed to check/redeclare auto-delete queue(s).
2025-08-22T17:22:46,652 INFO  org.springframework.amqp.rabbit.connection.CachingConnectionFactory - Attempting to connect to: [localhost:5672]
2025-08-22T17:22:51,803 WARN  org.springframework.amqp.rabbit.listener.SimpleMessageListenerContainer - Consumer raised exception, processing can restart if the connection factory supports it. Exception summary: org.springframework.amqp.AmqpConnectException: java.net.ConnectException: Connection refused: getsockopt
2025-08-22T17:22:51,803 INFO  org.springframework.amqp.rabbit.listener.SimpleMessageListenerContainer - Restarting Consumer@4b78236f: tags=[[]], channel=null, acknowledgeMode=AUTO local queue size=0
2025-08-22T17:22:51,804 INFO  org.springframework.amqp.rabbit.connection.CachingConnectionFactory - Attempting to connect to: [localhost:5672]
2025-08-22T17:22:51,805 ERROR org.springframework.amqp.rabbit.listener.SimpleMessageListenerContainer - Failed to check/redeclare auto-delete queue(s).
2025-08-22T17:22:51,805 INFO  org.springframework.amqp.rabbit.connection.CachingConnectionFactory - Attempting to connect to: [localhost:5672]
2025-08-22T17:22:56,954 WARN  org.springframework.amqp.rabbit.listener.SimpleMessageListenerContainer - Consumer raised exception, processing can restart if the connection factory supports it. Exception summary: org.springframework.amqp.AmqpConnectException: java.net.ConnectException: Connection refused: getsockopt
2025-08-22T17:22:56,954 INFO  org.springframework.amqp.rabbit.listener.SimpleMessageListenerContainer - Restarting Consumer@7ed584c2: tags=[[]], channel=null, acknowledgeMode=AUTO local queue size=0
2025-08-22T17:22:56,956 INFO  org.springframework.amqp.rabbit.connection.CachingConnectionFactory - Attempting to connect to: [localhost:5672]
2025-08-22T17:22:56,957 ERROR org.springframework.amqp.rabbit.listener.SimpleMessageListenerContainer - Failed to check/redeclare auto-delete queue(s).
2025-08-22T17:22:56,957 INFO  org.springframework.amqp.rabbit.connection.CachingConnectionFactory - Attempting to connect to: [localhost:5672]
2025-08-22T17:23:02,084 WARN  org.springframework.amqp.rabbit.listener.SimpleMessageListenerContainer - Consumer raised exception, processing can restart if the connection factory supports it. Exception summary: org.springframework.amqp.AmqpConnectException: java.net.ConnectException: Connection refused: getsockopt
2025-08-22T17:23:02,084 INFO  org.springframework.amqp.rabbit.listener.SimpleMessageListenerContainer - Restarting Consumer@31633859: tags=[[]], channel=null, acknowledgeMode=AUTO local queue size=0
2025-08-22T17:23:02,085 INFO  org.springframework.amqp.rabbit.connection.CachingConnectionFactory - Attempting to connect to: [localhost:5672]
2025-08-22T17:23:02,100 ERROR org.springframework.amqp.rabbit.listener.SimpleMessageListenerContainer - Failed to check/redeclare auto-delete queue(s).
2025-08-22T17:23:02,100 INFO  org.springframework.amqp.rabbit.connection.CachingConnectionFactory - Attempting to connect to: [localhost:5672]
2025-08-22T17:23:07,231 WARN  org.springframework.amqp.rabbit.listener.SimpleMessageListenerContainer - Consumer raised exception, processing can restart if the connection factory supports it. Exception summary: org.springframework.amqp.AmqpConnectException: java.net.ConnectException: Connection refused: getsockopt
2025-08-22T17:23:07,231 INFO  org.springframework.amqp.rabbit.listener.SimpleMessageListenerContainer - Restarting Consumer@54705ec2: tags=[[]], channel=null, acknowledgeMode=AUTO local queue size=0
2025-08-22T17:23:07,233 INFO  org.springframework.amqp.rabbit.connection.CachingConnectionFactory - Attempting to connect to: [localhost:5672]
2025-08-22T17:23:07,247 ERROR org.springframework.amqp.rabbit.listener.SimpleMessageListenerContainer - Failed to check/redeclare auto-delete queue(s).
2025-08-22T17:23:07,247 INFO  org.springframework.amqp.rabbit.connection.CachingConnectionFactory - Attempting to connect to: [localhost:5672]
2025-08-22T17:23:12,382 WARN  org.springframework.amqp.rabbit.listener.SimpleMessageListenerContainer - Consumer raised exception, processing can restart if the connection factory supports it. Exception summary: org.springframework.amqp.AmqpConnectException: java.net.ConnectException: Connection refused: getsockopt
2025-08-22T17:23:12,382 INFO  org.springframework.amqp.rabbit.listener.SimpleMessageListenerContainer - Restarting Consumer@32131c05: tags=[[]], channel=null, acknowledgeMode=AUTO local queue size=0
2025-08-22T17:23:12,383 INFO  org.springframework.amqp.rabbit.connection.CachingConnectionFactory - Attempting to connect to: [localhost:5672]
2025-08-22T17:23:12,414 ERROR org.springframework.amqp.rabbit.listener.SimpleMessageListenerContainer - Failed to check/redeclare auto-delete queue(s).
2025-08-22T17:23:12,415 INFO  org.springframework.amqp.rabbit.connection.CachingConnectionFactory - Attempting to connect to: [localhost:5672]
2025-08-22T17:23:17,539 WARN  org.springframework.amqp.rabbit.listener.SimpleMessageListenerContainer - Consumer raised exception, processing can restart if the connection factory supports it. Exception summary: org.springframework.amqp.AmqpConnectException: java.net.ConnectException: Connection refused: getsockopt
2025-08-22T17:23:17,539 INFO  org.springframework.amqp.rabbit.listener.SimpleMessageListenerContainer - Restarting Consumer@1ef592ae: tags=[[]], channel=null, acknowledgeMode=AUTO local queue size=0
2025-08-22T17:23:17,540 INFO  org.springframework.amqp.rabbit.connection.CachingConnectionFactory - Attempting to connect to: [localhost:5672]
2025-08-22T17:23:17,570 ERROR org.springframework.amqp.rabbit.listener.SimpleMessageListenerContainer - Failed to check/redeclare auto-delete queue(s).
2025-08-22T17:23:17,570 INFO  org.springframework.amqp.rabbit.connection.CachingConnectionFactory - Attempting to connect to: [localhost:5672]
2025-08-22T17:23:22,723 WARN  org.springframework.amqp.rabbit.listener.SimpleMessageListenerContainer - Consumer raised exception, processing can restart if the connection factory supports it. Exception summary: org.springframework.amqp.AmqpConnectException: java.net.ConnectException: Connection refused: getsockopt
2025-08-22T17:23:22,723 INFO  org.springframework.amqp.rabbit.listener.SimpleMessageListenerContainer - Restarting Consumer@6a5afbf8: tags=[[]], channel=null, acknowledgeMode=AUTO local queue size=0
2025-08-22T17:23:22,724 INFO  org.springframework.amqp.rabbit.connection.CachingConnectionFactory - Attempting to connect to: [localhost:5672]
2025-08-22T17:23:22,738 ERROR org.springframework.amqp.rabbit.listener.SimpleMessageListenerContainer - Failed to check/redeclare auto-delete queue(s).
2025-08-22T17:23:22,739 INFO  org.springframework.amqp.rabbit.connection.CachingConnectionFactory - Attempting to connect to: [localhost:5672]
2025-08-22T17:23:27,890 WARN  org.springframework.amqp.rabbit.listener.SimpleMessageListenerContainer - Consumer raised exception, processing can restart if the connection factory supports it. Exception summary: org.springframework.amqp.AmqpConnectException: java.net.ConnectException: Connection refused: getsockopt
2025-08-22T17:23:27,890 INFO  org.springframework.amqp.rabbit.listener.SimpleMessageListenerContainer - Restarting Consumer@12f92494: tags=[[]], channel=null, acknowledgeMode=AUTO local queue size=0
2025-08-22T17:23:27,891 INFO  org.springframework.amqp.rabbit.connection.CachingConnectionFactory - Attempting to connect to: [localhost:5672]
2025-08-22T17:23:27,892 ERROR org.springframework.amqp.rabbit.listener.SimpleMessageListenerContainer - Failed to check/redeclare auto-delete queue(s).
2025-08-22T17:23:27,892 INFO  org.springframework.amqp.rabbit.connection.CachingConnectionFactory - Attempting to connect to: [localhost:5672]
2025-08-22T17:23:33,008 WARN  org.springframework.amqp.rabbit.listener.SimpleMessageListenerContainer - Consumer raised exception, processing can restart if the connection factory supports it. Exception summary: org.springframework.amqp.AmqpConnectException: java.net.ConnectException: Connection refused: getsockopt
2025-08-22T17:23:33,008 INFO  org.springframework.amqp.rabbit.listener.SimpleMessageListenerContainer - Restarting Consumer@1fbdcaf8: tags=[[]], channel=null, acknowledgeMode=AUTO local queue size=0
2025-08-22T17:23:33,010 INFO  org.springframework.amqp.rabbit.connection.CachingConnectionFactory - Attempting to connect to: [localhost:5672]
2025-08-22T17:23:33,024 ERROR org.springframework.amqp.rabbit.listener.SimpleMessageListenerContainer - Failed to check/redeclare auto-delete queue(s).
2025-08-22T17:23:33,024 INFO  org.springframework.amqp.rabbit.connection.CachingConnectionFactory - Attempting to connect to: [localhost:5672]
2025-08-22T17:23:38,167 WARN  org.springframework.amqp.rabbit.listener.SimpleMessageListenerContainer - Consumer raised exception, processing can restart if the connection factory supports it. Exception summary: org.springframework.amqp.AmqpConnectException: java.net.ConnectException: Connection refused: getsockopt
2025-08-22T17:23:38,167 INFO  org.springframework.amqp.rabbit.listener.SimpleMessageListenerContainer - Restarting Consumer@54505973: tags=[[]], channel=null, acknowledgeMode=AUTO local queue size=0
2025-08-22T17:23:38,169 INFO  org.springframework.amqp.rabbit.connection.CachingConnectionFactory - Attempting to connect to: [localhost:5672]
2025-08-22T17:23:38,183 ERROR org.springframework.amqp.rabbit.listener.SimpleMessageListenerContainer - Failed to check/redeclare auto-delete queue(s).
2025-08-22T17:23:38,183 INFO  org.springframework.amqp.rabbit.connection.CachingConnectionFactory - Attempting to connect to: [localhost:5672]
2025-08-22T17:23:43,335 WARN  org.springframework.amqp.rabbit.listener.SimpleMessageListenerContainer - Consumer raised exception, processing can restart if the connection factory supports it. Exception summary: org.springframework.amqp.AmqpConnectException: java.net.ConnectException: Connection refused: getsockopt
2025-08-22T17:23:43,335 INFO  org.springframework.amqp.rabbit.listener.SimpleMessageListenerContainer - Restarting Consumer@2209281e: tags=[[]], channel=null, acknowledgeMode=AUTO local queue size=0
2025-08-22T17:23:43,336 INFO  org.springframework.amqp.rabbit.connection.CachingConnectionFactory - Attempting to connect to: [localhost:5672]
2025-08-22T17:23:43,351 ERROR org.springframework.amqp.rabbit.listener.SimpleMessageListenerContainer - Failed to check/redeclare auto-delete queue(s).
2025-08-22T17:23:43,352 INFO  org.springframework.amqp.rabbit.connection.CachingConnectionFactory - Attempting to connect to: [localhost:5672]
2025-08-22T17:23:48,495 WARN  org.springframework.amqp.rabbit.listener.SimpleMessageListenerContainer - Consumer raised exception, processing can restart if the connection factory supports it. Exception summary: org.springframework.amqp.AmqpConnectException: java.net.ConnectException: Connection refused: getsockopt
2025-08-22T17:23:48,495 INFO  org.springframework.amqp.rabbit.listener.SimpleMessageListenerContainer - Restarting Consumer@6c0d4f5b: tags=[[]], channel=null, acknowledgeMode=AUTO local queue size=0
2025-08-22T17:23:48,497 INFO  org.springframework.amqp.rabbit.connection.CachingConnectionFactory - Attempting to connect to: [localhost:5672]
2025-08-22T17:23:48,527 ERROR org.springframework.amqp.rabbit.listener.SimpleMessageListenerContainer - Failed to check/redeclare auto-delete queue(s).
2025-08-22T17:23:48,528 INFO  org.springframework.amqp.rabbit.connection.CachingConnectionFactory - Attempting to connect to: [localhost:5672]
2025-08-22T17:23:53,676 WARN  org.springframework.amqp.rabbit.listener.SimpleMessageListenerContainer - Consumer raised exception, processing can restart if the connection factory supports it. Exception summary: org.springframework.amqp.AmqpConnectException: java.net.ConnectException: Connection refused: getsockopt
2025-08-22T17:23:53,676 INFO  org.springframework.amqp.rabbit.listener.SimpleMessageListenerContainer - Restarting Consumer@4ac49f7e: tags=[[]], channel=null, acknowledgeMode=AUTO local queue size=0
2025-08-22T17:23:53,677 INFO  org.springframework.amqp.rabbit.connection.CachingConnectionFactory - Attempting to connect to: [localhost:5672]
2025-08-22T17:23:53,692 ERROR org.springframework.amqp.rabbit.listener.SimpleMessageListenerContainer - Failed to check/redeclare auto-delete queue(s).
2025-08-22T17:23:53,692 INFO  org.springframework.amqp.rabbit.connection.CachingConnectionFactory - Attempting to connect to: [localhost:5672]
2025-08-22T17:23:58,836 WARN  org.springframework.amqp.rabbit.listener.SimpleMessageListenerContainer - Consumer raised exception, processing can restart if the connection factory supports it. Exception summary: org.springframework.amqp.AmqpConnectException: java.net.ConnectException: Connection refused: getsockopt
2025-08-22T17:23:58,836 INFO  org.springframework.amqp.rabbit.listener.SimpleMessageListenerContainer - Restarting Consumer@652bf37: tags=[[]], channel=null, acknowledgeMode=AUTO local queue size=0
2025-08-22T17:23:58,838 INFO  org.springframework.amqp.rabbit.connection.CachingConnectionFactory - Attempting to connect to: [localhost:5672]
2025-08-22T17:23:58,852 ERROR org.springframework.amqp.rabbit.listener.SimpleMessageListenerContainer - Failed to check/redeclare auto-delete queue(s).
2025-08-22T17:23:58,853 INFO  org.springframework.amqp.rabbit.connection.CachingConnectionFactory - Attempting to connect to: [localhost:5672]
2025-08-22T17:24:04,006 WARN  org.springframework.amqp.rabbit.listener.SimpleMessageListenerContainer - Consumer raised exception, processing can restart if the connection factory supports it. Exception summary: org.springframework.amqp.AmqpConnectException: java.net.ConnectException: Connection refused: getsockopt
2025-08-22T17:24:04,007 INFO  org.springframework.amqp.rabbit.listener.SimpleMessageListenerContainer - Restarting Consumer@277d118d: tags=[[]], channel=null, acknowledgeMode=AUTO local queue size=0
2025-08-22T17:24:04,008 INFO  org.springframework.amqp.rabbit.connection.CachingConnectionFactory - Attempting to connect to: [localhost:5672]
2025-08-22T17:24:04,022 ERROR org.springframework.amqp.rabbit.listener.SimpleMessageListenerContainer - Failed to check/redeclare auto-delete queue(s).
2025-08-22T17:24:04,022 INFO  org.springframework.amqp.rabbit.connection.CachingConnectionFactory - Attempting to connect to: [localhost:5672]
2025-08-22T17:24:09,149 WARN  org.springframework.amqp.rabbit.listener.SimpleMessageListenerContainer - Consumer raised exception, processing can restart if the connection factory supports it. Exception summary: org.springframework.amqp.AmqpConnectException: java.net.ConnectException: Connection refused: getsockopt
2025-08-22T17:24:09,149 INFO  org.springframework.amqp.rabbit.listener.SimpleMessageListenerContainer - Restarting Consumer@3e00dc99: tags=[[]], channel=null, acknowledgeMode=AUTO local queue size=0
2025-08-22T17:24:09,150 INFO  org.springframework.amqp.rabbit.connection.CachingConnectionFactory - Attempting to connect to: [localhost:5672]
2025-08-22T17:24:09,151 ERROR org.springframework.amqp.rabbit.listener.SimpleMessageListenerContainer - Failed to check/redeclare auto-delete queue(s).
2025-08-22T17:24:09,152 INFO  org.springframework.amqp.rabbit.connection.CachingConnectionFactory - Attempting to connect to: [localhost:5672]
2025-08-22T17:24:14,264 WARN  org.springframework.amqp.rabbit.listener.SimpleMessageListenerContainer - Consumer raised exception, processing can restart if the connection factory supports it. Exception summary: org.springframework.amqp.AmqpConnectException: java.net.ConnectException: Connection refused: getsockopt
2025-08-22T17:24:14,264 INFO  org.springframework.amqp.rabbit.listener.SimpleMessageListenerContainer - Restarting Consumer@fd5606: tags=[[]], channel=null, acknowledgeMode=AUTO local queue size=0
2025-08-22T17:24:14,265 INFO  org.springframework.amqp.rabbit.connection.CachingConnectionFactory - Attempting to connect to: [localhost:5672]
2025-08-22T17:24:14,266 ERROR org.springframework.amqp.rabbit.listener.SimpleMessageListenerContainer - Failed to check/redeclare auto-delete queue(s).
2025-08-22T17:24:14,266 INFO  org.springframework.amqp.rabbit.connection.CachingConnectionFactory - Attempting to connect to: [localhost:5672]
2025-08-22T17:24:19,392 WARN  org.springframework.amqp.rabbit.listener.SimpleMessageListenerContainer - Consumer raised exception, processing can restart if the connection factory supports it. Exception summary: org.springframework.amqp.AmqpConnectException: java.net.ConnectException: Connection refused: getsockopt
2025-08-22T17:24:19,392 INFO  org.springframework.amqp.rabbit.listener.SimpleMessageListenerContainer - Restarting Consumer@4e8c626c: tags=[[]], channel=null, acknowledgeMode=AUTO local queue size=0
2025-08-22T17:24:19,393 INFO  org.springframework.amqp.rabbit.connection.CachingConnectionFactory - Attempting to connect to: [localhost:5672]
2025-08-22T17:24:19,407 ERROR org.springframework.amqp.rabbit.listener.SimpleMessageListenerContainer - Failed to check/redeclare auto-delete queue(s).
2025-08-22T17:24:19,407 INFO  org.springframework.amqp.rabbit.connection.CachingConnectionFactory - Attempting to connect to: [localhost:5672]
2025-08-22T17:24:24,554 WARN  org.springframework.amqp.rabbit.listener.SimpleMessageListenerContainer - Consumer raised exception, processing can restart if the connection factory supports it. Exception summary: org.springframework.amqp.AmqpConnectException: java.net.ConnectException: Connection refused: getsockopt
2025-08-22T17:24:24,554 INFO  org.springframework.amqp.rabbit.listener.SimpleMessageListenerContainer - Restarting Consumer@4f0047df: tags=[[]], channel=null, acknowledgeMode=AUTO local queue size=0
2025-08-22T17:24:24,555 INFO  org.springframework.amqp.rabbit.connection.CachingConnectionFactory - Attempting to connect to: [localhost:5672]
2025-08-22T17:24:24,556 ERROR org.springframework.amqp.rabbit.listener.SimpleMessageListenerContainer - Failed to check/redeclare auto-delete queue(s).
2025-08-22T17:24:24,556 INFO  org.springframework.amqp.rabbit.connection.CachingConnectionFactory - Attempting to connect to: [localhost:5672]
2025-08-22T17:24:29,669 WARN  org.springframework.amqp.rabbit.listener.SimpleMessageListenerContainer - Consumer raised exception, processing can restart if the connection factory supports it. Exception summary: org.springframework.amqp.AmqpConnectException: java.net.ConnectException: Connection refused: getsockopt
2025-08-22T17:24:29,669 INFO  org.springframework.amqp.rabbit.listener.SimpleMessageListenerContainer - Restarting Consumer@3416a056: tags=[[]], channel=null, acknowledgeMode=AUTO local queue size=0
2025-08-22T17:24:29,671 INFO  org.springframework.amqp.rabbit.connection.CachingConnectionFactory - Attempting to connect to: [localhost:5672]
2025-08-22T17:24:29,672 ERROR org.springframework.amqp.rabbit.listener.SimpleMessageListenerContainer - Failed to check/redeclare auto-delete queue(s).
2025-08-22T17:24:29,672 INFO  org.springframework.amqp.rabbit.connection.CachingConnectionFactory - Attempting to connect to: [localhost:5672]
2025-08-22T17:24:34,820 WARN  org.springframework.amqp.rabbit.listener.SimpleMessageListenerContainer - Consumer raised exception, processing can restart if the connection factory supports it. Exception summary: org.springframework.amqp.AmqpConnectException: java.net.ConnectException: Connection refused: getsockopt
2025-08-22T17:24:34,820 INFO  org.springframework.amqp.rabbit.listener.SimpleMessageListenerContainer - Restarting Consumer@4339498a: tags=[[]], channel=null, acknowledgeMode=AUTO local queue size=0
2025-08-22T17:24:34,821 INFO  org.springframework.amqp.rabbit.connection.CachingConnectionFactory - Attempting to connect to: [localhost:5672]
2025-08-22T17:24:34,822 ERROR org.springframework.amqp.rabbit.listener.SimpleMessageListenerContainer - Failed to check/redeclare auto-delete queue(s).
2025-08-22T17:24:34,822 INFO  org.springframework.amqp.rabbit.connection.CachingConnectionFactory - Attempting to connect to: [localhost:5672]
2025-08-22T17:24:39,951 WARN  org.springframework.amqp.rabbit.listener.SimpleMessageListenerContainer - Consumer raised exception, processing can restart if the connection factory supports it. Exception summary: org.springframework.amqp.AmqpConnectException: java.net.ConnectException: Connection refused: getsockopt
2025-08-22T17:24:39,951 INFO  org.springframework.amqp.rabbit.listener.SimpleMessageListenerContainer - Restarting Consumer@1b092bc2: tags=[[]], channel=null, acknowledgeMode=AUTO local queue size=0
2025-08-22T17:24:39,952 INFO  org.springframework.amqp.rabbit.connection.CachingConnectionFactory - Attempting to connect to: [localhost:5672]
2025-08-22T17:24:39,953 ERROR org.springframework.amqp.rabbit.listener.SimpleMessageListenerContainer - Failed to check/redeclare auto-delete queue(s).
2025-08-22T17:24:39,953 INFO  org.springframework.amqp.rabbit.connection.CachingConnectionFactory - Attempting to connect to: [localhost:5672]
2025-08-22T17:24:45,083 WARN  org.springframework.amqp.rabbit.listener.SimpleMessageListenerContainer - Consumer raised exception, processing can restart if the connection factory supports it. Exception summary: org.springframework.amqp.AmqpConnectException: java.net.ConnectException: Connection refused: getsockopt
2025-08-22T17:24:45,084 INFO  org.springframework.amqp.rabbit.listener.SimpleMessageListenerContainer - Restarting Consumer@e09dbff: tags=[[]], channel=null, acknowledgeMode=AUTO local queue size=0
2025-08-22T17:24:45,085 INFO  org.springframework.amqp.rabbit.connection.CachingConnectionFactory - Attempting to connect to: [localhost:5672]
2025-08-22T17:24:45,086 ERROR org.springframework.amqp.rabbit.listener.SimpleMessageListenerContainer - Failed to check/redeclare auto-delete queue(s).
2025-08-22T17:24:45,086 INFO  org.springframework.amqp.rabbit.connection.CachingConnectionFactory - Attempting to connect to: [localhost:5672]
2025-08-22T17:24:50,220 WARN  org.springframework.amqp.rabbit.listener.SimpleMessageListenerContainer - Consumer raised exception, processing can restart if the connection factory supports it. Exception summary: org.springframework.amqp.AmqpConnectException: java.net.ConnectException: Connection refused: getsockopt
2025-08-22T17:24:50,220 INFO  org.springframework.amqp.rabbit.listener.SimpleMessageListenerContainer - Restarting Consumer@6ab31d8d: tags=[[]], channel=null, acknowledgeMode=AUTO local queue size=0
2025-08-22T17:24:50,221 INFO  org.springframework.amqp.rabbit.connection.CachingConnectionFactory - Attempting to connect to: [localhost:5672]
2025-08-22T17:24:50,222 ERROR org.springframework.amqp.rabbit.listener.SimpleMessageListenerContainer - Failed to check/redeclare auto-delete queue(s).
2025-08-22T17:24:50,222 INFO  org.springframework.amqp.rabbit.connection.CachingConnectionFactory - Attempting to connect to: [localhost:5672]
2025-08-22T17:24:55,355 WARN  org.springframework.amqp.rabbit.listener.SimpleMessageListenerContainer - Consumer raised exception, processing can restart if the connection factory supports it. Exception summary: org.springframework.amqp.AmqpConnectException: java.net.ConnectException: Connection refused: getsockopt
2025-08-22T17:24:55,355 INFO  org.springframework.amqp.rabbit.listener.SimpleMessageListenerContainer - Restarting Consumer@5f6ed7fb: tags=[[]], channel=null, acknowledgeMode=AUTO local queue size=0
2025-08-22T17:24:55,356 INFO  org.springframework.amqp.rabbit.connection.CachingConnectionFactory - Attempting to connect to: [localhost:5672]
2025-08-22T17:24:55,357 ERROR org.springframework.amqp.rabbit.listener.SimpleMessageListenerContainer - Failed to check/redeclare auto-delete queue(s).
2025-08-22T17:24:55,358 INFO  org.springframework.amqp.rabbit.connection.CachingConnectionFactory - Attempting to connect to: [localhost:5672]
2025-08-22T17:25:00,486 WARN  org.springframework.amqp.rabbit.listener.SimpleMessageListenerContainer - Consumer raised exception, processing can restart if the connection factory supports it. Exception summary: org.springframework.amqp.AmqpConnectException: java.net.ConnectException: Connection refused: getsockopt
2025-08-22T17:25:00,487 INFO  org.springframework.amqp.rabbit.listener.SimpleMessageListenerContainer - Restarting Consumer@69d0f90f: tags=[[]], channel=null, acknowledgeMode=AUTO local queue size=0
2025-08-22T17:25:00,488 INFO  org.springframework.amqp.rabbit.connection.CachingConnectionFactory - Attempting to connect to: [localhost:5672]
2025-08-22T17:25:00,502 ERROR org.springframework.amqp.rabbit.listener.SimpleMessageListenerContainer - Failed to check/redeclare auto-delete queue(s).
2025-08-22T17:25:00,502 INFO  org.springframework.amqp.rabbit.connection.CachingConnectionFactory - Attempting to connect to: [localhost:5672]
2025-08-22T17:25:05,656 WARN  org.springframework.amqp.rabbit.listener.SimpleMessageListenerContainer - Consumer raised exception, processing can restart if the connection factory supports it. Exception summary: org.springframework.amqp.AmqpConnectException: java.net.ConnectException: Connection refused: getsockopt
2025-08-22T17:25:05,656 INFO  org.springframework.amqp.rabbit.listener.SimpleMessageListenerContainer - Restarting Consumer@7eda484e: tags=[[]], channel=null, acknowledgeMode=AUTO local queue size=0
2025-08-22T17:25:05,657 INFO  org.springframework.amqp.rabbit.connection.CachingConnectionFactory - Attempting to connect to: [localhost:5672]
2025-08-22T17:25:05,672 ERROR org.springframework.amqp.rabbit.listener.SimpleMessageListenerContainer - Failed to check/redeclare auto-delete queue(s).
2025-08-22T17:25:05,672 INFO  org.springframework.amqp.rabbit.connection.CachingConnectionFactory - Attempting to connect to: [localhost:5672]
2025-08-22T17:25:10,804 WARN  org.springframework.amqp.rabbit.listener.SimpleMessageListenerContainer - Consumer raised exception, processing can restart if the connection factory supports it. Exception summary: org.springframework.amqp.AmqpConnectException: java.net.ConnectException: Connection refused: getsockopt
2025-08-22T17:25:10,804 INFO  org.springframework.amqp.rabbit.listener.SimpleMessageListenerContainer - Restarting Consumer@2f30767c: tags=[[]], channel=null, acknowledgeMode=AUTO local queue size=0
2025-08-22T17:25:10,806 INFO  org.springframework.amqp.rabbit.connection.CachingConnectionFactory - Attempting to connect to: [localhost:5672]
2025-08-22T17:25:10,819 ERROR org.springframework.amqp.rabbit.listener.SimpleMessageListenerContainer - Failed to check/redeclare auto-delete queue(s).
2025-08-22T17:25:10,819 INFO  org.springframework.amqp.rabbit.connection.CachingConnectionFactory - Attempting to connect to: [localhost:5672]
2025-08-22T17:25:15,987 WARN  org.springframework.amqp.rabbit.listener.SimpleMessageListenerContainer - Consumer raised exception, processing can restart if the connection factory supports it. Exception summary: org.springframework.amqp.AmqpConnectException: java.net.ConnectException: Connection refused: getsockopt
2025-08-22T17:25:15,987 INFO  org.springframework.amqp.rabbit.listener.SimpleMessageListenerContainer - Restarting Consumer@2cf2886a: tags=[[]], channel=null, acknowledgeMode=AUTO local queue size=0
2025-08-22T17:25:15,989 INFO  org.springframework.amqp.rabbit.connection.CachingConnectionFactory - Attempting to connect to: [localhost:5672]
2025-08-22T17:25:15,990 ERROR org.springframework.amqp.rabbit.listener.SimpleMessageListenerContainer - Failed to check/redeclare auto-delete queue(s).
2025-08-22T17:25:15,991 INFO  org.springframework.amqp.rabbit.connection.CachingConnectionFactory - Attempting to connect to: [localhost:5672]
2025-08-22T17:25:21,117 WARN  org.springframework.amqp.rabbit.listener.SimpleMessageListenerContainer - Consumer raised exception, processing can restart if the connection factory supports it. Exception summary: org.springframework.amqp.AmqpConnectException: java.net.ConnectException: Connection refused: getsockopt
2025-08-22T17:25:21,117 INFO  org.springframework.amqp.rabbit.listener.SimpleMessageListenerContainer - Restarting Consumer@248c11d7: tags=[[]], channel=null, acknowledgeMode=AUTO local queue size=0
2025-08-22T17:25:21,119 INFO  org.springframework.amqp.rabbit.connection.CachingConnectionFactory - Attempting to connect to: [localhost:5672]
2025-08-22T17:25:21,133 ERROR org.springframework.amqp.rabbit.listener.SimpleMessageListenerContainer - Failed to check/redeclare auto-delete queue(s).
2025-08-22T17:25:21,133 INFO  org.springframework.amqp.rabbit.connection.CachingConnectionFactory - Attempting to connect to: [localhost:5672]
2025-08-22T17:25:26,261 WARN  org.springframework.amqp.rabbit.listener.SimpleMessageListenerContainer - Consumer raised exception, processing can restart if the connection factory supports it. Exception summary: org.springframework.amqp.AmqpConnectException: java.net.ConnectException: Connection refused: getsockopt
2025-08-22T17:25:26,261 INFO  org.springframework.amqp.rabbit.listener.SimpleMessageListenerContainer - Restarting Consumer@8c1ea96: tags=[[]], channel=null, acknowledgeMode=AUTO local queue size=0
2025-08-22T17:25:26,262 INFO  org.springframework.amqp.rabbit.connection.CachingConnectionFactory - Attempting to connect to: [localhost:5672]
2025-08-22T17:25:26,263 ERROR org.springframework.amqp.rabbit.listener.SimpleMessageListenerContainer - Failed to check/redeclare auto-delete queue(s).
2025-08-22T17:25:26,264 INFO  org.springframework.amqp.rabbit.connection.CachingConnectionFactory - Attempting to connect to: [localhost:5672]
2025-08-22T17:25:31,396 WARN  org.springframework.amqp.rabbit.listener.SimpleMessageListenerContainer - Consumer raised exception, processing can restart if the connection factory supports it. Exception summary: org.springframework.amqp.AmqpConnectException: java.net.ConnectException: Connection refused: getsockopt
2025-08-22T17:25:31,396 INFO  org.springframework.amqp.rabbit.listener.SimpleMessageListenerContainer - Restarting Consumer@1c720bf9: tags=[[]], channel=null, acknowledgeMode=AUTO local queue size=0
2025-08-22T17:25:31,398 INFO  org.springframework.amqp.rabbit.connection.CachingConnectionFactory - Attempting to connect to: [localhost:5672]
2025-08-22T17:25:31,412 ERROR org.springframework.amqp.rabbit.listener.SimpleMessageListenerContainer - Failed to check/redeclare auto-delete queue(s).
2025-08-22T17:25:31,412 INFO  org.springframework.amqp.rabbit.connection.CachingConnectionFactory - Attempting to connect to: [localhost:5672]
2025-08-22T17:25:36,557 WARN  org.springframework.amqp.rabbit.listener.SimpleMessageListenerContainer - Consumer raised exception, processing can restart if the connection factory supports it. Exception summary: org.springframework.amqp.AmqpConnectException: java.net.ConnectException: Connection refused: getsockopt
2025-08-22T17:25:36,557 INFO  org.springframework.amqp.rabbit.listener.SimpleMessageListenerContainer - Restarting Consumer@3638f8a: tags=[[]], channel=null, acknowledgeMode=AUTO local queue size=0
2025-08-22T17:25:36,558 INFO  org.springframework.amqp.rabbit.connection.CachingConnectionFactory - Attempting to connect to: [localhost:5672]
2025-08-22T17:25:36,572 ERROR org.springframework.amqp.rabbit.listener.SimpleMessageListenerContainer - Failed to check/redeclare auto-delete queue(s).
2025-08-22T17:25:36,572 INFO  org.springframework.amqp.rabbit.connection.CachingConnectionFactory - Attempting to connect to: [localhost:5672]
2025-08-22T17:25:41,713 WARN  org.springframework.amqp.rabbit.listener.SimpleMessageListenerContainer - Consumer raised exception, processing can restart if the connection factory supports it. Exception summary: org.springframework.amqp.AmqpConnectException: java.net.ConnectException: Connection refused: getsockopt
2025-08-22T17:25:41,713 INFO  org.springframework.amqp.rabbit.listener.SimpleMessageListenerContainer - Restarting Consumer@6fdaa284: tags=[[]], channel=null, acknowledgeMode=AUTO local queue size=0
2025-08-22T17:25:41,715 INFO  org.springframework.amqp.rabbit.connection.CachingConnectionFactory - Attempting to connect to: [localhost:5672]
2025-08-22T17:25:41,728 ERROR org.springframework.amqp.rabbit.listener.SimpleMessageListenerContainer - Failed to check/redeclare auto-delete queue(s).
2025-08-22T17:25:41,728 INFO  org.springframework.amqp.rabbit.connection.CachingConnectionFactory - Attempting to connect to: [localhost:5672]
2025-08-22T17:25:46,878 WARN  org.springframework.amqp.rabbit.listener.SimpleMessageListenerContainer - Consumer raised exception, processing can restart if the connection factory supports it. Exception summary: org.springframework.amqp.AmqpConnectException: java.net.ConnectException: Connection refused: getsockopt
2025-08-22T17:25:46,878 INFO  org.springframework.amqp.rabbit.listener.SimpleMessageListenerContainer - Restarting Consumer@58450a34: tags=[[]], channel=null, acknowledgeMode=AUTO local queue size=0
2025-08-22T17:25:46,879 INFO  org.springframework.amqp.rabbit.connection.CachingConnectionFactory - Attempting to connect to: [localhost:5672]
2025-08-22T17:25:46,880 ERROR org.springframework.amqp.rabbit.listener.SimpleMessageListenerContainer - Failed to check/redeclare auto-delete queue(s).
2025-08-22T17:25:46,880 INFO  org.springframework.amqp.rabbit.connection.CachingConnectionFactory - Attempting to connect to: [localhost:5672]
2025-08-22T17:25:52,007 WARN  org.springframework.amqp.rabbit.listener.SimpleMessageListenerContainer - Consumer raised exception, processing can restart if the connection factory supports it. Exception summary: org.springframework.amqp.AmqpConnectException: java.net.ConnectException: Connection refused: getsockopt
2025-08-22T17:25:52,007 INFO  org.springframework.amqp.rabbit.listener.SimpleMessageListenerContainer - Restarting Consumer@2e043f0e: tags=[[]], channel=null, acknowledgeMode=AUTO local queue size=0
2025-08-22T17:25:52,008 INFO  org.springframework.amqp.rabbit.connection.CachingConnectionFactory - Attempting to connect to: [localhost:5672]
2025-08-22T17:25:52,010 ERROR org.springframework.amqp.rabbit.listener.SimpleMessageListenerContainer - Failed to check/redeclare auto-delete queue(s).
2025-08-22T17:25:52,010 INFO  org.springframework.amqp.rabbit.connection.CachingConnectionFactory - Attempting to connect to: [localhost:5672]
2025-08-22T17:25:57,140 WARN  org.springframework.amqp.rabbit.listener.SimpleMessageListenerContainer - Consumer raised exception, processing can restart if the connection factory supports it. Exception summary: org.springframework.amqp.AmqpConnectException: java.net.ConnectException: Connection refused: getsockopt
2025-08-22T17:25:57,140 INFO  org.springframework.amqp.rabbit.listener.SimpleMessageListenerContainer - Restarting Consumer@26d234c0: tags=[[]], channel=null, acknowledgeMode=AUTO local queue size=0
2025-08-22T17:25:57,141 INFO  org.springframework.amqp.rabbit.connection.CachingConnectionFactory - Attempting to connect to: [localhost:5672]
2025-08-22T17:25:57,155 ERROR org.springframework.amqp.rabbit.listener.SimpleMessageListenerContainer - Failed to check/redeclare auto-delete queue(s).
2025-08-22T17:25:57,155 INFO  org.springframework.amqp.rabbit.connection.CachingConnectionFactory - Attempting to connect to: [localhost:5672]
2025-08-22T17:26:02,305 WARN  org.springframework.amqp.rabbit.listener.SimpleMessageListenerContainer - Consumer raised exception, processing can restart if the connection factory supports it. Exception summary: org.springframework.amqp.AmqpConnectException: java.net.ConnectException: Connection refused: getsockopt
2025-08-22T17:26:02,305 INFO  org.springframework.amqp.rabbit.listener.SimpleMessageListenerContainer - Restarting Consumer@18a8e1fe: tags=[[]], channel=null, acknowledgeMode=AUTO local queue size=0
2025-08-22T17:26:02,306 INFO  org.springframework.amqp.rabbit.connection.CachingConnectionFactory - Attempting to connect to: [localhost:5672]
2025-08-22T17:26:02,307 ERROR org.springframework.amqp.rabbit.listener.SimpleMessageListenerContainer - Failed to check/redeclare auto-delete queue(s).
2025-08-22T17:26:02,307 INFO  org.springframework.amqp.rabbit.connection.CachingConnectionFactory - Attempting to connect to: [localhost:5672]
2025-08-22T17:26:07,450 WARN  org.springframework.amqp.rabbit.listener.SimpleMessageListenerContainer - Consumer raised exception, processing can restart if the connection factory supports it. Exception summary: org.springframework.amqp.AmqpConnectException: java.net.ConnectException: Connection refused: getsockopt
2025-08-22T17:26:07,450 INFO  org.springframework.amqp.rabbit.listener.SimpleMessageListenerContainer - Restarting Consumer@61037a70: tags=[[]], channel=null, acknowledgeMode=AUTO local queue size=0
2025-08-22T17:26:07,451 INFO  org.springframework.amqp.rabbit.connection.CachingConnectionFactory - Attempting to connect to: [localhost:5672]
2025-08-22T17:26:07,465 ERROR org.springframework.amqp.rabbit.listener.SimpleMessageListenerContainer - Failed to check/redeclare auto-delete queue(s).
2025-08-22T17:26:07,465 INFO  org.springframework.amqp.rabbit.connection.CachingConnectionFactory - Attempting to connect to: [localhost:5672]
2025-08-22T17:26:12,608 WARN  org.springframework.amqp.rabbit.listener.SimpleMessageListenerContainer - Consumer raised exception, processing can restart if the connection factory supports it. Exception summary: org.springframework.amqp.AmqpConnectException: java.net.ConnectException: Connection refused: getsockopt
2025-08-22T17:26:12,608 INFO  org.springframework.amqp.rabbit.listener.SimpleMessageListenerContainer - Restarting Consumer@7c71170c: tags=[[]], channel=null, acknowledgeMode=AUTO local queue size=0
2025-08-22T17:26:12,609 INFO  org.springframework.amqp.rabbit.connection.CachingConnectionFactory - Attempting to connect to: [localhost:5672]
2025-08-22T17:26:12,611 ERROR org.springframework.amqp.rabbit.listener.SimpleMessageListenerContainer - Failed to check/redeclare auto-delete queue(s).
2025-08-22T17:26:12,611 INFO  org.springframework.amqp.rabbit.connection.CachingConnectionFactory - Attempting to connect to: [localhost:5672]
2025-08-22T17:26:13,417 INFO  org.springframework.boot.devtools.autoconfigure.LocalDevToolsAutoConfiguration$RestartingClassPathChangeChangedEventListener - Restarting due to 1 class path change (0 additions, 0 deletions, 1 modification)
2025-08-22T17:26:13,421 INFO  org.springframework.amqp.rabbit.listener.SimpleMessageListenerContainer - Waiting for workers to finish.
2025-08-22T17:26:13,421 INFO  org.springframework.amqp.rabbit.listener.SimpleMessageListenerContainer - Successfully waited for workers to finish.
2025-08-22T17:26:13,422 INFO  org.springframework.boot.web.embedded.tomcat.GracefulShutdown - Commencing graceful shutdown. Waiting for active requests to complete
2025-08-22T17:26:13,423 INFO  org.apache.coyote.http11.Http11NioProtocol - Pausing ProtocolHandler ["http-nio-8080"]
2025-08-22T17:26:13,425 INFO  org.springframework.boot.web.embedded.tomcat.GracefulShutdown - Graceful shutdown complete
2025-08-22T17:26:13,426 INFO  org.apache.coyote.http11.Http11NioProtocol - Stopping ProtocolHandler ["http-nio-8080"]
2025-08-22T17:26:13,493 INFO  com.italo.email_service.EmailServiceApplication - Starting EmailServiceApplication using Java 21.0.8 with PID 13252 (D:\desafios\email-service\target\classes started by italo in D:\desafios\email-service)
2025-08-22T17:26:13,493 INFO  com.italo.email_service.EmailServiceApplication - No active profile set, falling back to 1 default profile: "default"
2025-08-22T17:26:13,649 INFO  org.springframework.boot.web.embedded.tomcat.TomcatWebServer - Tomcat initialized with port 8080 (http)
2025-08-22T17:26:13,651 INFO  org.apache.coyote.http11.Http11NioProtocol - Initializing ProtocolHandler ["http-nio-8080"]
2025-08-22T17:26:13,651 INFO  org.apache.catalina.core.StandardService - Starting service [Tomcat]
2025-08-22T17:26:13,652 INFO  org.apache.catalina.core.StandardEngine - Starting Servlet engine: [Apache Tomcat/10.1.44]
2025-08-22T17:26:13,669 INFO  org.apache.catalina.core.ContainerBase.[Tomcat].[localhost].[/] - Initializing Spring embedded WebApplicationContext
2025-08-22T17:26:13,669 INFO  org.springframework.boot.web.servlet.context.ServletWebServerApplicationContext - Root WebApplicationContext: initialization completed in 174 ms
2025-08-22T17:26:13,689 WARN  org.springframework.boot.web.servlet.context.AnnotationConfigServletWebServerApplicationContext - Exception encountered during context initialization - cancelling refresh attempt: org.springframework.beans.factory.BeanCreationException: Error creating bean with name 'rabbitConfig': Injection of autowired dependencies failed
2025-08-22T17:26:13,689 INFO  org.apache.catalina.core.StandardService - Stopping service [Tomcat]
2025-08-22T17:26:13,693 INFO  org.springframework.boot.autoconfigure.logging.ConditionEvaluationReportLogger - 

Error starting ApplicationContext. To display the condition evaluation report re-run your application with 'debug' enabled.
2025-08-22T17:26:13,716 ERROR org.springframework.boot.SpringApplication - Application run failed
org.springframework.beans.factory.BeanCreationException: Error creating bean with name 'rabbitConfig': Injection of autowired dependencies failed
	at org.springframework.beans.factory.annotation.AutowiredAnnotationBeanPostProcessor.postProcessProperties(AutowiredAnnotationBeanPostProcessor.java:515) ~[spring-beans-6.2.10.jar:6.2.10]
	at org.springframework.beans.factory.support.AbstractAutowireCapableBeanFactory.populateBean(AbstractAutowireCapableBeanFactory.java:1459) ~[spring-beans-6.2.10.jar:6.2.10]
	at org.springframework.beans.factory.support.AbstractAutowireCapableBeanFactory.doCreateBean(AbstractAutowireCapableBeanFactory.java:606) ~[spring-beans-6.2.10.jar:6.2.10]
	at org.springframework.beans.factory.support.AbstractAutowireCapableBeanFactory.createBean(AbstractAutowireCapableBeanFactory.java:529) ~[spring-beans-6.2.10.jar:6.2.10]
	at org.springframework.beans.factory.support.AbstractBeanFactory.lambda$doGetBean$0(AbstractBeanFactory.java:339) ~[spring-beans-6.2.10.jar:6.2.10]
	at org.springframework.beans.factory.support.DefaultSingletonBeanRegistry.getSingleton(DefaultSingletonBeanRegistry.java:373) ~[spring-beans-6.2.10.jar:6.2.10]
	at org.springframework.beans.factory.support.AbstractBeanFactory.doGetBean(AbstractBeanFactory.java:337) ~[spring-beans-6.2.10.jar:6.2.10]
	at org.springframework.beans.factory.support.AbstractBeanFactory.getBean(AbstractBeanFactory.java:202) ~[spring-beans-6.2.10.jar:6.2.10]
	at org.springframework.beans.factory.support.DefaultListableBeanFactory.instantiateSingleton(DefaultListableBeanFactory.java:1222) ~[spring-beans-6.2.10.jar:6.2.10]
	at org.springframework.beans.factory.support.DefaultListableBeanFactory.preInstantiateSingleton(DefaultListableBeanFactory.java:1188) ~[spring-beans-6.2.10.jar:6.2.10]
	at org.springframework.beans.factory.support.DefaultListableBeanFactory.preInstantiateSingletons(DefaultListableBeanFactory.java:1123) ~[spring-beans-6.2.10.jar:6.2.10]
	at org.springframework.context.support.AbstractApplicationContext.finishBeanFactoryInitialization(AbstractApplicationContext.java:987) ~[spring-context-6.2.10.jar:6.2.10]
	at org.springframework.context.support.AbstractApplicationContext.refresh(AbstractApplicationContext.java:627) ~[spring-context-6.2.10.jar:6.2.10]
	at org.springframework.boot.web.servlet.context.ServletWebServerApplicationContext.refresh(ServletWebServerApplicationContext.java:146) ~[spring-boot-3.5.5.jar:3.5.5]
	at org.springframework.boot.SpringApplication.refresh(SpringApplication.java:752) [spring-boot-3.5.5.jar:3.5.5]
	at org.springframework.boot.SpringApplication.refreshContext(SpringApplication.java:439) [spring-boot-3.5.5.jar:3.5.5]
	at org.springframework.boot.SpringApplication.run(SpringApplication.java:318) [spring-boot-3.5.5.jar:3.5.5]
	at org.springframework.boot.SpringApplication.run(SpringApplication.java:1361) [spring-boot-3.5.5.jar:3.5.5]
	at org.springframework.boot.SpringApplication.run(SpringApplication.java:1350) [spring-boot-3.5.5.jar:3.5.5]
	at com.italo.email_service.EmailServiceApplication.main(EmailServiceApplication.java:10) [classes/:?]
	at java.base/jdk.internal.reflect.DirectMethodHandleAccessor.invoke(Unknown Source) ~[?:?]
	at java.base/java.lang.reflect.Method.invoke(Unknown Source) ~[?:?]
	at org.springframework.boot.devtools.restart.RestartLauncher.run(RestartLauncher.java:50) [spring-boot-devtools-3.5.5.jar:3.5.5]
Caused by: org.springframework.util.PlaceholderResolutionException: Could not resolve placeholder 'spring.rabbitmq.queue' in value "${spring.rabbitmq.queue}"
	at org.springframework.util.PlaceholderResolutionException.withValue(PlaceholderResolutionException.java:81) ~[spring-core-6.2.10.jar:6.2.10]
	at org.springframework.util.PlaceholderParser$ParsedValue.resolve(PlaceholderParser.java:423) ~[spring-core-6.2.10.jar:6.2.10]
	at org.springframework.util.PlaceholderParser.replacePlaceholders(PlaceholderParser.java:128) ~[spring-core-6.2.10.jar:6.2.10]
	at org.springframework.util.PropertyPlaceholderHelper.parseStringValue(PropertyPlaceholderHelper.java:118) ~[spring-core-6.2.10.jar:6.2.10]
	at org.springframework.util.PropertyPlaceholderHelper.replacePlaceholders(PropertyPlaceholderHelper.java:114) ~[spring-core-6.2.10.jar:6.2.10]
	at org.springframework.core.env.AbstractPropertyResolver.doResolvePlaceholders(AbstractPropertyResolver.java:293) ~[spring-core-6.2.10.jar:6.2.10]
	at org.springframework.core.env.AbstractPropertyResolver.resolveRequiredPlaceholders(AbstractPropertyResolver.java:264) ~[spring-core-6.2.10.jar:6.2.10]
	at org.springframework.context.support.PropertySourcesPlaceholderConfigurer.lambda$processProperties$0(PropertySourcesPlaceholderConfigurer.java:186) ~[spring-context-6.2.10.jar:6.2.10]
	at org.springframework.beans.factory.support.AbstractBeanFactory.resolveEmbeddedValue(AbstractBeanFactory.java:971) ~[spring-beans-6.2.10.jar:6.2.10]
	at org.springframework.beans.factory.support.DefaultListableBeanFactory.doResolveDependency(DefaultListableBeanFactory.java:1657) ~[spring-beans-6.2.10.jar:6.2.10]
	at org.springframework.beans.factory.support.DefaultListableBeanFactory.resolveDependency(DefaultListableBeanFactory.java:1635) ~[spring-beans-6.2.10.jar:6.2.10]
	at org.springframework.beans.factory.annotation.AutowiredAnnotationBeanPostProcessor$AutowiredFieldElement.resolveFieldValue(AutowiredAnnotationBeanPostProcessor.java:785) ~[spring-beans-6.2.10.jar:6.2.10]
	at org.springframework.beans.factory.annotation.AutowiredAnnotationBeanPostProcessor$AutowiredFieldElement.inject(AutowiredAnnotationBeanPostProcessor.java:768) ~[spring-beans-6.2.10.jar:6.2.10]
	at org.springframework.beans.factory.annotation.InjectionMetadata.inject(InjectionMetadata.java:146) ~[spring-beans-6.2.10.jar:6.2.10]
	at org.springframework.beans.factory.annotation.AutowiredAnnotationBeanPostProcessor.postProcessProperties(AutowiredAnnotationBeanPostProcessor.java:509) ~[spring-beans-6.2.10.jar:6.2.10]
	... 22 more
2025-08-22T17:26:15,181 INFO  com.italo.email_service.EmailServiceApplication - Starting EmailServiceApplication using Java 21.0.8 with PID 13252 (D:\desafios\email-service\target\classes started by italo in D:\desafios\email-service)
2025-08-22T17:26:15,182 INFO  com.italo.email_service.EmailServiceApplication - No active profile set, falling back to 1 default profile: "default"
2025-08-22T17:26:15,314 INFO  org.springframework.boot.web.embedded.tomcat.TomcatWebServer - Tomcat initialized with port 8080 (http)
2025-08-22T17:26:15,315 INFO  org.apache.coyote.http11.Http11NioProtocol - Initializing ProtocolHandler ["http-nio-8080"]
2025-08-22T17:26:15,316 INFO  org.apache.catalina.core.StandardService - Starting service [Tomcat]
2025-08-22T17:26:15,316 INFO  org.apache.catalina.core.StandardEngine - Starting Servlet engine: [Apache Tomcat/10.1.44]
2025-08-22T17:26:15,330 INFO  org.apache.catalina.core.ContainerBase.[Tomcat-1].[localhost].[/] - Initializing Spring embedded WebApplicationContext
2025-08-22T17:26:15,330 INFO  org.springframework.boot.web.servlet.context.ServletWebServerApplicationContext - Root WebApplicationContext: initialization completed in 147 ms
2025-08-22T17:26:15,346 WARN  org.springframework.boot.web.servlet.context.AnnotationConfigServletWebServerApplicationContext - Exception encountered during context initialization - cancelling refresh attempt: org.springframework.beans.factory.BeanCreationException: Error creating bean with name 'emailConsumer' defined in file [D:\desafios\email-service\target\classes\com\italo\email_service\infra\rabbit\EmailConsumer.class]: Could not resolve placeholder 'rabbitmqqueue' in value "${rabbitmqqueue}"
2025-08-22T17:26:15,347 INFO  org.apache.catalina.core.StandardService - Stopping service [Tomcat]
2025-08-22T17:26:15,350 INFO  org.springframework.boot.autoconfigure.logging.ConditionEvaluationReportLogger - 

Error starting ApplicationContext. To display the condition evaluation report re-run your application with 'debug' enabled.
2025-08-22T17:26:15,352 ERROR org.springframework.boot.SpringApplication - Application run failed
org.springframework.beans.factory.BeanCreationException: Error creating bean with name 'emailConsumer' defined in file [D:\desafios\email-service\target\classes\com\italo\email_service\infra\rabbit\EmailConsumer.class]: Could not resolve placeholder 'rabbitmqqueue' in value "${rabbitmqqueue}"
	at org.springframework.beans.factory.support.AbstractAutowireCapableBeanFactory.doCreateBean(AbstractAutowireCapableBeanFactory.java:614) ~[spring-beans-6.2.10.jar:6.2.10]
	at org.springframework.beans.factory.support.AbstractAutowireCapableBeanFactory.createBean(AbstractAutowireCapableBeanFactory.java:529) ~[spring-beans-6.2.10.jar:6.2.10]
	at org.springframework.beans.factory.support.AbstractBeanFactory.lambda$doGetBean$0(AbstractBeanFactory.java:339) ~[spring-beans-6.2.10.jar:6.2.10]
	at org.springframework.beans.factory.support.DefaultSingletonBeanRegistry.getSingleton(DefaultSingletonBeanRegistry.java:373) ~[spring-beans-6.2.10.jar:6.2.10]
	at org.springframework.beans.factory.support.AbstractBeanFactory.doGetBean(AbstractBeanFactory.java:337) ~[spring-beans-6.2.10.jar:6.2.10]
	at org.springframework.beans.factory.support.AbstractBeanFactory.getBean(AbstractBeanFactory.java:202) ~[spring-beans-6.2.10.jar:6.2.10]
	at org.springframework.beans.factory.support.DefaultListableBeanFactory.instantiateSingleton(DefaultListableBeanFactory.java:1222) ~[spring-beans-6.2.10.jar:6.2.10]
	at org.springframework.beans.factory.support.DefaultListableBeanFactory.preInstantiateSingleton(DefaultListableBeanFactory.java:1188) ~[spring-beans-6.2.10.jar:6.2.10]
	at org.springframework.beans.factory.support.DefaultListableBeanFactory.preInstantiateSingletons(DefaultListableBeanFactory.java:1123) ~[spring-beans-6.2.10.jar:6.2.10]
	at org.springframework.context.support.AbstractApplicationContext.finishBeanFactoryInitialization(AbstractApplicationContext.java:987) ~[spring-context-6.2.10.jar:6.2.10]
	at org.springframework.context.support.AbstractApplicationContext.refresh(AbstractApplicationContext.java:627) ~[spring-context-6.2.10.jar:6.2.10]
	at org.springframework.boot.web.servlet.context.ServletWebServerApplicationContext.refresh(ServletWebServerApplicationContext.java:146) ~[spring-boot-3.5.5.jar:3.5.5]
	at org.springframework.boot.SpringApplication.refresh(SpringApplication.java:752) [spring-boot-3.5.5.jar:3.5.5]
	at org.springframework.boot.SpringApplication.refreshContext(SpringApplication.java:439) [spring-boot-3.5.5.jar:3.5.5]
	at org.springframework.boot.SpringApplication.run(SpringApplication.java:318) [spring-boot-3.5.5.jar:3.5.5]
	at org.springframework.boot.SpringApplication.run(SpringApplication.java:1361) [spring-boot-3.5.5.jar:3.5.5]
	at org.springframework.boot.SpringApplication.run(SpringApplication.java:1350) [spring-boot-3.5.5.jar:3.5.5]
	at com.italo.email_service.EmailServiceApplication.main(EmailServiceApplication.java:10) [classes/:?]
	at java.base/jdk.internal.reflect.DirectMethodHandleAccessor.invoke(Unknown Source) ~[?:?]
	at java.base/java.lang.reflect.Method.invoke(Unknown Source) ~[?:?]
	at org.springframework.boot.devtools.restart.RestartLauncher.run(RestartLauncher.java:50) [spring-boot-devtools-3.5.5.jar:3.5.5]
Caused by: org.springframework.util.PlaceholderResolutionException: Could not resolve placeholder 'rabbitmqqueue' in value "${rabbitmqqueue}"
	at org.springframework.util.PlaceholderResolutionException.withValue(PlaceholderResolutionException.java:81) ~[spring-core-6.2.10.jar:6.2.10]
	at org.springframework.util.PlaceholderParser$ParsedValue.resolve(PlaceholderParser.java:423) ~[spring-core-6.2.10.jar:6.2.10]
	at org.springframework.util.PlaceholderParser.replacePlaceholders(PlaceholderParser.java:128) ~[spring-core-6.2.10.jar:6.2.10]
	at org.springframework.util.PropertyPlaceholderHelper.parseStringValue(PropertyPlaceholderHelper.java:118) ~[spring-core-6.2.10.jar:6.2.10]
	at org.springframework.util.PropertyPlaceholderHelper.replacePlaceholders(PropertyPlaceholderHelper.java:114) ~[spring-core-6.2.10.jar:6.2.10]
	at org.springframework.core.env.AbstractPropertyResolver.doResolvePlaceholders(AbstractPropertyResolver.java:293) ~[spring-core-6.2.10.jar:6.2.10]
	at org.springframework.core.env.AbstractPropertyResolver.resolveRequiredPlaceholders(AbstractPropertyResolver.java:264) ~[spring-core-6.2.10.jar:6.2.10]
	at org.springframework.context.support.PropertySourcesPlaceholderConfigurer.lambda$processProperties$0(PropertySourcesPlaceholderConfigurer.java:186) ~[spring-context-6.2.10.jar:6.2.10]
	at org.springframework.beans.factory.support.AbstractBeanFactory.resolveEmbeddedValue(AbstractBeanFactory.java:971) ~[spring-beans-6.2.10.jar:6.2.10]
	at org.springframework.amqp.rabbit.annotation.RabbitListenerAnnotationBeanPostProcessor.resolve(RabbitListenerAnnotationBeanPostProcessor.java:980) ~[spring-rabbit-3.2.6.jar:3.2.6]
	at org.springframework.amqp.rabbit.annotation.RabbitListenerAnnotationBeanPostProcessor.resolveExpression(RabbitListenerAnnotationBeanPostProcessor.java:967) ~[spring-rabbit-3.2.6.jar:3.2.6]
	at org.springframework.amqp.rabbit.annotation.RabbitListenerAnnotationBeanPostProcessor.resolveQueues(RabbitListenerAnnotationBeanPostProcessor.java:699) ~[spring-rabbit-3.2.6.jar:3.2.6]
	at org.springframework.amqp.rabbit.annotation.RabbitListenerAnnotationBeanPostProcessor.resolveQueues(RabbitListenerAnnotationBeanPostProcessor.java:663) ~[spring-rabbit-3.2.6.jar:3.2.6]
	at org.springframework.amqp.rabbit.annotation.RabbitListenerAnnotationBeanPostProcessor.processListener(RabbitListenerAnnotationBeanPostProcessor.java:434) ~[spring-rabbit-3.2.6.jar:3.2.6]
	at org.springframework.amqp.rabbit.annotation.RabbitListenerAnnotationBeanPostProcessor.processAmqpListener(RabbitListenerAnnotationBeanPostProcessor.java:392) ~[spring-rabbit-3.2.6.jar:3.2.6]
	at org.springframework.amqp.rabbit.annotation.RabbitListenerAnnotationBeanPostProcessor.postProcessAfterInitialization(RabbitListenerAnnotationBeanPostProcessor.java:310) ~[spring-rabbit-3.2.6.jar:3.2.6]
	at org.springframework.beans.factory.support.AbstractAutowireCapableBeanFactory.applyBeanPostProcessorsAfterInitialization(AbstractAutowireCapableBeanFactory.java:445) ~[spring-beans-6.2.10.jar:6.2.10]
	at org.springframework.beans.factory.support.AbstractAutowireCapableBeanFactory.initializeBean(AbstractAutowireCapableBeanFactory.java:1829) ~[spring-beans-6.2.10.jar:6.2.10]
	at org.springframework.beans.factory.support.AbstractAutowireCapableBeanFactory.doCreateBean(AbstractAutowireCapableBeanFactory.java:607) ~[spring-beans-6.2.10.jar:6.2.10]
	... 20 more
2025-08-22T17:26:16,810 INFO  com.italo.email_service.EmailServiceApplication - Starting EmailServiceApplication using Java 21.0.8 with PID 13252 (D:\desafios\email-service\target\classes started by italo in D:\desafios\email-service)
2025-08-22T17:26:16,811 INFO  com.italo.email_service.EmailServiceApplication - No active profile set, falling back to 1 default profile: "default"
2025-08-22T17:26:16,935 INFO  org.springframework.boot.web.embedded.tomcat.TomcatWebServer - Tomcat initialized with port 8080 (http)
2025-08-22T17:26:16,936 INFO  org.apache.coyote.http11.Http11NioProtocol - Initializing ProtocolHandler ["http-nio-8080"]
2025-08-22T17:26:16,936 INFO  org.apache.catalina.core.StandardService - Starting service [Tomcat]
2025-08-22T17:26:16,936 INFO  org.apache.catalina.core.StandardEngine - Starting Servlet engine: [Apache Tomcat/10.1.44]
2025-08-22T17:26:16,949 INFO  org.apache.catalina.core.ContainerBase.[Tomcat-2].[localhost].[/] - Initializing Spring embedded WebApplicationContext
2025-08-22T17:26:16,950 INFO  org.springframework.boot.web.servlet.context.ServletWebServerApplicationContext - Root WebApplicationContext: initialization completed in 138 ms
2025-08-22T17:26:17,007 INFO  org.springframework.boot.devtools.autoconfigure.OptionalLiveReloadServer - LiveReload server is running on port 35729
2025-08-22T17:26:17,011 INFO  org.apache.coyote.http11.Http11NioProtocol - Starting ProtocolHandler ["http-nio-8080"]
2025-08-22T17:26:17,014 INFO  org.springframework.boot.web.embedded.tomcat.TomcatWebServer - Tomcat started on port 8080 (http) with context path '/'
2025-08-22T17:26:17,014 INFO  org.springframework.amqp.rabbit.connection.CachingConnectionFactory - Attempting to connect to: [localhost:5672]
2025-08-22T17:26:17,035 INFO  org.springframework.amqp.rabbit.listener.SimpleMessageListenerContainer - Broker not available; cannot force queue declarations during start: java.net.ConnectException: Connection refused: getsockopt
2025-08-22T17:26:17,036 INFO  org.springframework.amqp.rabbit.connection.CachingConnectionFactory - Attempting to connect to: [localhost:5672]
2025-08-22T17:26:17,037 ERROR org.springframework.amqp.rabbit.listener.SimpleMessageListenerContainer - Failed to check/redeclare auto-delete queue(s).
org.springframework.amqp.AmqpConnectException: java.net.ConnectException: Connection refused: getsockopt
	at org.springframework.amqp.rabbit.support.RabbitExceptionTranslator.convertRabbitAccessException(RabbitExceptionTranslator.java:61) ~[spring-rabbit-3.2.6.jar:3.2.6]
	at org.springframework.amqp.rabbit.connection.AbstractConnectionFactory.createBareConnection(AbstractConnectionFactory.java:632) ~[spring-rabbit-3.2.6.jar:3.2.6]
	at org.springframework.amqp.rabbit.connection.CachingConnectionFactory.createConnection(CachingConnectionFactory.java:726) ~[spring-rabbit-3.2.6.jar:3.2.6]
	at org.springframework.amqp.rabbit.connection.ConnectionFactoryUtils.createConnection(ConnectionFactoryUtils.java:257) ~[spring-rabbit-3.2.6.jar:3.2.6]
	at org.springframework.amqp.rabbit.core.RabbitTemplate.doExecute(RabbitTemplate.java:2262) ~[spring-rabbit-3.2.6.jar:3.2.6]
	at org.springframework.amqp.rabbit.core.RabbitTemplate.execute(RabbitTemplate.java:2235) ~[spring-rabbit-3.2.6.jar:3.2.6]
	at org.springframework.amqp.rabbit.core.RabbitTemplate.execute(RabbitTemplate.java:2215) ~[spring-rabbit-3.2.6.jar:3.2.6]
	at org.springframework.amqp.rabbit.core.RabbitAdmin.getQueueInfo(RabbitAdmin.java:467) ~[spring-rabbit-3.2.6.jar:3.2.6]
	at org.springframework.amqp.rabbit.core.RabbitAdmin.getQueueProperties(RabbitAdmin.java:451) ~[spring-rabbit-3.2.6.jar:3.2.6]
	at org.springframework.amqp.rabbit.listener.AbstractMessageListenerContainer.attemptDeclarations(AbstractMessageListenerContainer.java:1972) ~[spring-rabbit-3.2.6.jar:3.2.6]
	at org.springframework.amqp.rabbit.listener.AbstractMessageListenerContainer.redeclareElementsIfNecessary(AbstractMessageListenerContainer.java:1936) ~[spring-rabbit-3.2.6.jar:3.2.6]
	at org.springframework.amqp.rabbit.listener.SimpleMessageListenerContainer$AsyncMessageProcessingConsumer.initialize(SimpleMessageListenerContainer.java:1481) ~[spring-rabbit-3.2.6.jar:3.2.6]
	at org.springframework.amqp.rabbit.listener.SimpleMessageListenerContainer$AsyncMessageProcessingConsumer.run(SimpleMessageListenerContainer.java:1322) ~[spring-rabbit-3.2.6.jar:3.2.6]
	at java.base/java.lang.Thread.run(Unknown Source) [?:?]
Caused by: java.net.ConnectException: Connection refused: getsockopt
	at java.base/sun.nio.ch.Net.pollConnect(Native Method) ~[?:?]
	at java.base/sun.nio.ch.Net.pollConnectNow(Unknown Source) ~[?:?]
	at java.base/sun.nio.ch.NioSocketImpl.timedFinishConnect(Unknown Source) ~[?:?]
	at java.base/sun.nio.ch.NioSocketImpl.connect(Unknown Source) ~[?:?]
	at java.base/java.net.SocksSocketImpl.connect(Unknown Source) ~[?:?]
	at java.base/java.net.Socket.connect(Unknown Source) ~[?:?]
	at com.rabbitmq.client.impl.SocketFrameHandlerFactory.create(SocketFrameHandlerFactory.java:61) ~[amqp-client-5.25.0.jar:5.25.0]
	at com.rabbitmq.client.ConnectionFactory.newConnection(ConnectionFactory.java:1249) ~[amqp-client-5.25.0.jar:5.25.0]
	at com.rabbitmq.client.ConnectionFactory.newConnection(ConnectionFactory.java:1198) ~[amqp-client-5.25.0.jar:5.25.0]
	at org.springframework.amqp.rabbit.connection.AbstractConnectionFactory.connectAddresses(AbstractConnectionFactory.java:678) ~[spring-rabbit-3.2.6.jar:3.2.6]
	at org.springframework.amqp.rabbit.connection.AbstractConnectionFactory.connect(AbstractConnectionFactory.java:647) ~[spring-rabbit-3.2.6.jar:3.2.6]
	at org.springframework.amqp.rabbit.connection.AbstractConnectionFactory.createBareConnection(AbstractConnectionFactory.java:593) ~[spring-rabbit-3.2.6.jar:3.2.6]
	... 12 more
2025-08-22T17:26:17,038 INFO  org.springframework.amqp.rabbit.connection.CachingConnectionFactory - Attempting to connect to: [localhost:5672]
2025-08-22T17:26:17,057 INFO  com.italo.email_service.EmailServiceApplication - Started EmailServiceApplication in 0.271 seconds (process running for 244.284)
2025-08-22T17:26:17,058 INFO  org.springframework.boot.devtools.autoconfigure.ConditionEvaluationDeltaLoggingListener - Condition evaluation unchanged
2025-08-22T17:26:22,174 WARN  org.springframework.amqp.rabbit.listener.SimpleMessageListenerContainer - Consumer raised exception, processing can restart if the connection factory supports it. Exception summary: org.springframework.amqp.AmqpConnectException: java.net.ConnectException: Connection refused: getsockopt
2025-08-22T17:26:22,174 INFO  org.springframework.amqp.rabbit.listener.SimpleMessageListenerContainer - Restarting Consumer@78b9eeaa: tags=[[]], channel=null, acknowledgeMode=AUTO local queue size=0
2025-08-22T17:26:22,175 INFO  org.springframework.amqp.rabbit.connection.CachingConnectionFactory - Attempting to connect to: [localhost:5672]
2025-08-22T17:26:22,177 ERROR org.springframework.amqp.rabbit.listener.SimpleMessageListenerContainer - Failed to check/redeclare auto-delete queue(s).
2025-08-22T17:26:22,177 INFO  org.springframework.amqp.rabbit.connection.CachingConnectionFactory - Attempting to connect to: [localhost:5672]
2025-08-22T17:26:27,321 WARN  org.springframework.amqp.rabbit.listener.SimpleMessageListenerContainer - Consumer raised exception, processing can restart if the connection factory supports it. Exception summary: org.springframework.amqp.AmqpConnectException: java.net.ConnectException: Connection refused: getsockopt
2025-08-22T17:26:27,321 INFO  org.springframework.amqp.rabbit.listener.SimpleMessageListenerContainer - Restarting Consumer@5e296a36: tags=[[]], channel=null, acknowledgeMode=AUTO local queue size=0
2025-08-22T17:26:27,322 INFO  org.springframework.amqp.rabbit.connection.CachingConnectionFactory - Attempting to connect to: [localhost:5672]
2025-08-22T17:26:27,323 ERROR org.springframework.amqp.rabbit.listener.SimpleMessageListenerContainer - Failed to check/redeclare auto-delete queue(s).
2025-08-22T17:26:27,323 INFO  org.springframework.amqp.rabbit.connection.CachingConnectionFactory - Attempting to connect to: [localhost:5672]
2025-08-22T17:26:52,874 INFO  com.italo.email_service.EmailServiceApplication - Starting EmailServiceApplication using Java 21.0.8 with PID 18752 (D:\desafios\email-service\target\classes started by italo in D:\desafios\email-service)
2025-08-22T17:26:52,883 INFO  com.italo.email_service.EmailServiceApplication - No active profile set, falling back to 1 default profile: "default"
2025-08-22T17:26:52,917 INFO  org.springframework.boot.devtools.env.DevToolsPropertyDefaultsPostProcessor - Devtools property defaults active! Set 'spring.devtools.add-properties' to 'false' to disable
2025-08-22T17:26:52,918 INFO  org.springframework.boot.devtools.env.DevToolsPropertyDefaultsPostProcessor - For additional web related logging consider setting the 'logging.level.web' property to 'DEBUG'
2025-08-22T17:26:53,856 INFO  org.springframework.boot.web.embedded.tomcat.TomcatWebServer - Tomcat initialized with port 8080 (http)
2025-08-22T17:26:53,867 INFO  org.apache.coyote.http11.Http11NioProtocol - Initializing ProtocolHandler ["http-nio-8080"]
2025-08-22T17:26:53,869 INFO  org.apache.catalina.core.StandardService - Starting service [Tomcat]
2025-08-22T17:26:53,869 INFO  org.apache.catalina.core.StandardEngine - Starting Servlet engine: [Apache Tomcat/10.1.44]
2025-08-22T17:26:53,914 INFO  org.apache.catalina.core.ContainerBase.[Tomcat].[localhost].[/] - Initializing Spring embedded WebApplicationContext
2025-08-22T17:26:53,916 INFO  org.springframework.boot.web.servlet.context.ServletWebServerApplicationContext - Root WebApplicationContext: initialization completed in 996 ms
2025-08-22T17:26:54,706 INFO  org.springframework.boot.devtools.autoconfigure.OptionalLiveReloadServer - LiveReload server is running on port 35729
2025-08-22T17:26:54,745 INFO  org.apache.coyote.http11.Http11NioProtocol - Starting ProtocolHandler ["http-nio-8080"]
2025-08-22T17:26:54,759 INFO  org.springframework.boot.web.embedded.tomcat.TomcatWebServer - Tomcat started on port 8080 (http) with context path '/'
2025-08-22T17:26:54,762 INFO  org.springframework.amqp.rabbit.connection.CachingConnectionFactory - Attempting to connect to: [localhost:5672]
2025-08-22T17:26:54,777 INFO  org.springframework.amqp.rabbit.listener.SimpleMessageListenerContainer - Broker not available; cannot force queue declarations during start: java.net.ConnectException: Connection refused: getsockopt
2025-08-22T17:26:54,784 INFO  org.springframework.amqp.rabbit.connection.CachingConnectionFactory - Attempting to connect to: [localhost:5672]
2025-08-22T17:26:54,809 ERROR org.springframework.amqp.rabbit.listener.SimpleMessageListenerContainer - Failed to check/redeclare auto-delete queue(s).
org.springframework.amqp.AmqpConnectException: java.net.ConnectException: Connection refused: getsockopt
	at org.springframework.amqp.rabbit.support.RabbitExceptionTranslator.convertRabbitAccessException(RabbitExceptionTranslator.java:61) ~[spring-rabbit-3.2.6.jar:3.2.6]
	at org.springframework.amqp.rabbit.connection.AbstractConnectionFactory.createBareConnection(AbstractConnectionFactory.java:632) ~[spring-rabbit-3.2.6.jar:3.2.6]
	at org.springframework.amqp.rabbit.connection.CachingConnectionFactory.createConnection(CachingConnectionFactory.java:726) ~[spring-rabbit-3.2.6.jar:3.2.6]
	at org.springframework.amqp.rabbit.connection.ConnectionFactoryUtils.createConnection(ConnectionFactoryUtils.java:257) ~[spring-rabbit-3.2.6.jar:3.2.6]
	at org.springframework.amqp.rabbit.core.RabbitTemplate.doExecute(RabbitTemplate.java:2262) ~[spring-rabbit-3.2.6.jar:3.2.6]
	at org.springframework.amqp.rabbit.core.RabbitTemplate.execute(RabbitTemplate.java:2235) ~[spring-rabbit-3.2.6.jar:3.2.6]
	at org.springframework.amqp.rabbit.core.RabbitTemplate.execute(RabbitTemplate.java:2215) ~[spring-rabbit-3.2.6.jar:3.2.6]
	at org.springframework.amqp.rabbit.core.RabbitAdmin.getQueueInfo(RabbitAdmin.java:467) ~[spring-rabbit-3.2.6.jar:3.2.6]
	at org.springframework.amqp.rabbit.core.RabbitAdmin.getQueueProperties(RabbitAdmin.java:451) ~[spring-rabbit-3.2.6.jar:3.2.6]
	at org.springframework.amqp.rabbit.listener.AbstractMessageListenerContainer.attemptDeclarations(AbstractMessageListenerContainer.java:1972) ~[spring-rabbit-3.2.6.jar:3.2.6]
	at org.springframework.amqp.rabbit.listener.AbstractMessageListenerContainer.redeclareElementsIfNecessary(AbstractMessageListenerContainer.java:1936) ~[spring-rabbit-3.2.6.jar:3.2.6]
	at org.springframework.amqp.rabbit.listener.SimpleMessageListenerContainer$AsyncMessageProcessingConsumer.initialize(SimpleMessageListenerContainer.java:1481) ~[spring-rabbit-3.2.6.jar:3.2.6]
	at org.springframework.amqp.rabbit.listener.SimpleMessageListenerContainer$AsyncMessageProcessingConsumer.run(SimpleMessageListenerContainer.java:1322) ~[spring-rabbit-3.2.6.jar:3.2.6]
	at java.base/java.lang.Thread.run(Unknown Source) [?:?]
Caused by: java.net.ConnectException: Connection refused: getsockopt
	at java.base/sun.nio.ch.Net.pollConnect(Native Method) ~[?:?]
	at java.base/sun.nio.ch.Net.pollConnectNow(Unknown Source) ~[?:?]
	at java.base/sun.nio.ch.NioSocketImpl.timedFinishConnect(Unknown Source) ~[?:?]
	at java.base/sun.nio.ch.NioSocketImpl.connect(Unknown Source) ~[?:?]
	at java.base/java.net.SocksSocketImpl.connect(Unknown Source) ~[?:?]
	at java.base/java.net.Socket.connect(Unknown Source) ~[?:?]
	at com.rabbitmq.client.impl.SocketFrameHandlerFactory.create(SocketFrameHandlerFactory.java:61) ~[amqp-client-5.25.0.jar:5.25.0]
	at com.rabbitmq.client.ConnectionFactory.newConnection(ConnectionFactory.java:1249) ~[amqp-client-5.25.0.jar:5.25.0]
	at com.rabbitmq.client.ConnectionFactory.newConnection(ConnectionFactory.java:1198) ~[amqp-client-5.25.0.jar:5.25.0]
	at org.springframework.amqp.rabbit.connection.AbstractConnectionFactory.connectAddresses(AbstractConnectionFactory.java:678) ~[spring-rabbit-3.2.6.jar:3.2.6]
	at org.springframework.amqp.rabbit.connection.AbstractConnectionFactory.connect(AbstractConnectionFactory.java:647) ~[spring-rabbit-3.2.6.jar:3.2.6]
	at org.springframework.amqp.rabbit.connection.AbstractConnectionFactory.createBareConnection(AbstractConnectionFactory.java:593) ~[spring-rabbit-3.2.6.jar:3.2.6]
	... 12 more
2025-08-22T17:26:54,818 INFO  org.springframework.amqp.rabbit.connection.CachingConnectionFactory - Attempting to connect to: [localhost:5672]
2025-08-22T17:26:54,846 INFO  com.italo.email_service.EmailServiceApplication - Started EmailServiceApplication in 2.331 seconds (process running for 2.861)
2025-08-22T17:26:59,953 WARN  org.springframework.amqp.rabbit.listener.SimpleMessageListenerContainer - Consumer raised exception, processing can restart if the connection factory supports it. Exception summary: org.springframework.amqp.AmqpConnectException: java.net.ConnectException: Connection refused: getsockopt
2025-08-22T17:26:59,954 INFO  org.springframework.amqp.rabbit.listener.SimpleMessageListenerContainer - Restarting Consumer@2cedafce: tags=[[]], channel=null, acknowledgeMode=AUTO local queue size=0
2025-08-22T17:26:59,957 INFO  org.springframework.amqp.rabbit.connection.CachingConnectionFactory - Attempting to connect to: [localhost:5672]
2025-08-22T17:26:59,969 ERROR org.springframework.amqp.rabbit.listener.SimpleMessageListenerContainer - Failed to check/redeclare auto-delete queue(s).
2025-08-22T17:26:59,969 INFO  org.springframework.amqp.rabbit.connection.CachingConnectionFactory - Attempting to connect to: [localhost:5672]
2025-08-22T17:27:05,095 WARN  org.springframework.amqp.rabbit.listener.SimpleMessageListenerContainer - Consumer raised exception, processing can restart if the connection factory supports it. Exception summary: org.springframework.amqp.AmqpConnectException: java.net.ConnectException: Connection refused: getsockopt
2025-08-22T17:27:05,095 INFO  org.springframework.amqp.rabbit.listener.SimpleMessageListenerContainer - Restarting Consumer@66808d8a: tags=[[]], channel=null, acknowledgeMode=AUTO local queue size=0
2025-08-22T17:27:05,096 INFO  org.springframework.amqp.rabbit.connection.CachingConnectionFactory - Attempting to connect to: [localhost:5672]
2025-08-22T17:27:05,098 ERROR org.springframework.amqp.rabbit.listener.SimpleMessageListenerContainer - Failed to check/redeclare auto-delete queue(s).
2025-08-22T17:27:05,098 INFO  org.springframework.amqp.rabbit.connection.CachingConnectionFactory - Attempting to connect to: [localhost:5672]
2025-08-22T17:27:10,251 WARN  org.springframework.amqp.rabbit.listener.SimpleMessageListenerContainer - Consumer raised exception, processing can restart if the connection factory supports it. Exception summary: org.springframework.amqp.AmqpConnectException: java.net.ConnectException: Connection refused: getsockopt
2025-08-22T17:27:10,251 INFO  org.springframework.amqp.rabbit.listener.SimpleMessageListenerContainer - Restarting Consumer@62a8d71c: tags=[[]], channel=null, acknowledgeMode=AUTO local queue size=0
2025-08-22T17:27:10,253 INFO  org.springframework.amqp.rabbit.connection.CachingConnectionFactory - Attempting to connect to: [localhost:5672]
2025-08-22T17:27:10,267 ERROR org.springframework.amqp.rabbit.listener.SimpleMessageListenerContainer - Failed to check/redeclare auto-delete queue(s).
2025-08-22T17:27:10,267 INFO  org.springframework.amqp.rabbit.connection.CachingConnectionFactory - Attempting to connect to: [localhost:5672]
2025-08-22T17:27:15,428 WARN  org.springframework.amqp.rabbit.listener.SimpleMessageListenerContainer - Consumer raised exception, processing can restart if the connection factory supports it. Exception summary: org.springframework.amqp.AmqpConnectException: java.net.ConnectException: Connection refused: getsockopt
2025-08-22T17:27:15,428 INFO  org.springframework.amqp.rabbit.listener.SimpleMessageListenerContainer - Restarting Consumer@bbd17f3: tags=[[]], channel=null, acknowledgeMode=AUTO local queue size=0
2025-08-22T17:27:15,429 INFO  org.springframework.amqp.rabbit.connection.CachingConnectionFactory - Attempting to connect to: [localhost:5672]
2025-08-22T17:27:15,444 ERROR org.springframework.amqp.rabbit.listener.SimpleMessageListenerContainer - Failed to check/redeclare auto-delete queue(s).
2025-08-22T17:27:15,445 INFO  org.springframework.amqp.rabbit.connection.CachingConnectionFactory - Attempting to connect to: [localhost:5672]
2025-08-22T17:27:20,602 WARN  org.springframework.amqp.rabbit.listener.SimpleMessageListenerContainer - Consumer raised exception, processing can restart if the connection factory supports it. Exception summary: org.springframework.amqp.AmqpConnectException: java.net.ConnectException: Connection refused: getsockopt
2025-08-22T17:27:20,603 INFO  org.springframework.amqp.rabbit.listener.SimpleMessageListenerContainer - Restarting Consumer@539b6e2e: tags=[[]], channel=null, acknowledgeMode=AUTO local queue size=0
2025-08-22T17:27:20,604 INFO  org.springframework.amqp.rabbit.connection.CachingConnectionFactory - Attempting to connect to: [localhost:5672]
2025-08-22T17:27:20,617 ERROR org.springframework.amqp.rabbit.listener.SimpleMessageListenerContainer - Failed to check/redeclare auto-delete queue(s).
2025-08-22T17:27:20,618 INFO  org.springframework.amqp.rabbit.connection.CachingConnectionFactory - Attempting to connect to: [localhost:5672]
2025-08-22T17:27:25,769 WARN  org.springframework.amqp.rabbit.listener.SimpleMessageListenerContainer - Consumer raised exception, processing can restart if the connection factory supports it. Exception summary: org.springframework.amqp.AmqpConnectException: java.net.ConnectException: Connection refused: getsockopt
2025-08-22T17:27:25,769 INFO  org.springframework.amqp.rabbit.listener.SimpleMessageListenerContainer - Restarting Consumer@286a6fe: tags=[[]], channel=null, acknowledgeMode=AUTO local queue size=0
2025-08-22T17:27:25,770 INFO  org.springframework.amqp.rabbit.connection.CachingConnectionFactory - Attempting to connect to: [localhost:5672]
2025-08-22T17:27:25,785 ERROR org.springframework.amqp.rabbit.listener.SimpleMessageListenerContainer - Failed to check/redeclare auto-delete queue(s).
2025-08-22T17:27:25,785 INFO  org.springframework.amqp.rabbit.connection.CachingConnectionFactory - Attempting to connect to: [localhost:5672]
2025-08-22T17:27:30,925 WARN  org.springframework.amqp.rabbit.listener.SimpleMessageListenerContainer - Consumer raised exception, processing can restart if the connection factory supports it. Exception summary: org.springframework.amqp.AmqpConnectException: java.net.ConnectException: Connection refused: getsockopt
2025-08-22T17:27:30,925 INFO  org.springframework.amqp.rabbit.listener.SimpleMessageListenerContainer - Restarting Consumer@728106fe: tags=[[]], channel=null, acknowledgeMode=AUTO local queue size=0
2025-08-22T17:27:30,926 INFO  org.springframework.amqp.rabbit.connection.CachingConnectionFactory - Attempting to connect to: [localhost:5672]
2025-08-22T17:27:30,941 ERROR org.springframework.amqp.rabbit.listener.SimpleMessageListenerContainer - Failed to check/redeclare auto-delete queue(s).
2025-08-22T17:27:30,942 INFO  org.springframework.amqp.rabbit.connection.CachingConnectionFactory - Attempting to connect to: [localhost:5672]
2025-08-22T17:27:36,026 WARN  org.springframework.amqp.rabbit.listener.SimpleMessageListenerContainer - Consumer raised exception, processing can restart if the connection factory supports it. Exception summary: org.springframework.amqp.AmqpConnectException: java.net.ConnectException: Connection refused: getsockopt
2025-08-22T17:27:36,026 INFO  org.springframework.amqp.rabbit.listener.SimpleMessageListenerContainer - Restarting Consumer@5b2c546f: tags=[[]], channel=null, acknowledgeMode=AUTO local queue size=0
2025-08-22T17:27:36,028 INFO  org.springframework.amqp.rabbit.connection.CachingConnectionFactory - Attempting to connect to: [localhost:5672]
2025-08-22T17:27:36,041 ERROR org.springframework.amqp.rabbit.listener.SimpleMessageListenerContainer - Failed to check/redeclare auto-delete queue(s).
2025-08-22T17:27:36,041 INFO  org.springframework.amqp.rabbit.connection.CachingConnectionFactory - Attempting to connect to: [localhost:5672]
2025-08-22T17:27:41,159 WARN  org.springframework.amqp.rabbit.listener.SimpleMessageListenerContainer - Consumer raised exception, processing can restart if the connection factory supports it. Exception summary: org.springframework.amqp.AmqpConnectException: java.net.ConnectException: Connection refused: getsockopt
2025-08-22T17:27:41,159 INFO  org.springframework.amqp.rabbit.listener.SimpleMessageListenerContainer - Restarting Consumer@7e8916f9: tags=[[]], channel=null, acknowledgeMode=AUTO local queue size=0
2025-08-22T17:27:41,161 INFO  org.springframework.amqp.rabbit.connection.CachingConnectionFactory - Attempting to connect to: [localhost:5672]
2025-08-22T17:27:41,190 ERROR org.springframework.amqp.rabbit.listener.SimpleMessageListenerContainer - Failed to check/redeclare auto-delete queue(s).
2025-08-22T17:27:41,190 INFO  org.springframework.amqp.rabbit.connection.CachingConnectionFactory - Attempting to connect to: [localhost:5672]
2025-08-22T17:27:46,275 WARN  org.springframework.amqp.rabbit.listener.SimpleMessageListenerContainer - Consumer raised exception, processing can restart if the connection factory supports it. Exception summary: org.springframework.amqp.AmqpConnectException: java.net.ConnectException: Connection refused: getsockopt
2025-08-22T17:27:46,275 INFO  org.springframework.amqp.rabbit.listener.SimpleMessageListenerContainer - Restarting Consumer@5b64f376: tags=[[]], channel=null, acknowledgeMode=AUTO local queue size=0
2025-08-22T17:27:46,276 INFO  org.springframework.amqp.rabbit.connection.CachingConnectionFactory - Attempting to connect to: [localhost:5672]
2025-08-22T17:27:46,291 ERROR org.springframework.amqp.rabbit.listener.SimpleMessageListenerContainer - Failed to check/redeclare auto-delete queue(s).
2025-08-22T17:27:46,292 INFO  org.springframework.amqp.rabbit.connection.CachingConnectionFactory - Attempting to connect to: [localhost:5672]
2025-08-22T17:27:51,369 WARN  org.springframework.amqp.rabbit.listener.SimpleMessageListenerContainer - Consumer raised exception, processing can restart if the connection factory supports it. Exception summary: org.springframework.amqp.AmqpConnectException: java.net.ConnectException: Connection refused: getsockopt
2025-08-22T17:27:51,369 INFO  org.springframework.amqp.rabbit.listener.SimpleMessageListenerContainer - Restarting Consumer@17ef3f95: tags=[[]], channel=null, acknowledgeMode=AUTO local queue size=0
2025-08-22T17:27:51,370 INFO  org.springframework.amqp.rabbit.connection.CachingConnectionFactory - Attempting to connect to: [localhost:5672]
2025-08-22T17:27:51,385 ERROR org.springframework.amqp.rabbit.listener.SimpleMessageListenerContainer - Failed to check/redeclare auto-delete queue(s).
2025-08-22T17:27:51,385 INFO  org.springframework.amqp.rabbit.connection.CachingConnectionFactory - Attempting to connect to: [localhost:5672]
2025-08-22T17:27:56,476 WARN  org.springframework.amqp.rabbit.listener.SimpleMessageListenerContainer - Consumer raised exception, processing can restart if the connection factory supports it. Exception summary: org.springframework.amqp.AmqpConnectException: java.net.ConnectException: Connection refused: getsockopt
2025-08-22T17:27:56,478 INFO  org.springframework.amqp.rabbit.listener.SimpleMessageListenerContainer - Restarting Consumer@7115c28d: tags=[[]], channel=null, acknowledgeMode=AUTO local queue size=0
2025-08-22T17:27:56,480 INFO  org.springframework.amqp.rabbit.connection.CachingConnectionFactory - Attempting to connect to: [localhost:5672]
2025-08-22T17:27:56,492 ERROR org.springframework.amqp.rabbit.listener.SimpleMessageListenerContainer - Failed to check/redeclare auto-delete queue(s).
2025-08-22T17:27:56,492 INFO  org.springframework.amqp.rabbit.connection.CachingConnectionFactory - Attempting to connect to: [localhost:5672]
2025-08-22T17:28:01,603 WARN  org.springframework.amqp.rabbit.listener.SimpleMessageListenerContainer - Consumer raised exception, processing can restart if the connection factory supports it. Exception summary: org.springframework.amqp.AmqpConnectException: java.net.ConnectException: Connection refused: getsockopt
2025-08-22T17:28:01,603 INFO  org.springframework.amqp.rabbit.listener.SimpleMessageListenerContainer - Restarting Consumer@23b5c317: tags=[[]], channel=null, acknowledgeMode=AUTO local queue size=0
2025-08-22T17:28:01,604 INFO  org.springframework.amqp.rabbit.connection.CachingConnectionFactory - Attempting to connect to: [localhost:5672]
2025-08-22T17:28:01,619 ERROR org.springframework.amqp.rabbit.listener.SimpleMessageListenerContainer - Failed to check/redeclare auto-delete queue(s).
2025-08-22T17:28:01,619 INFO  org.springframework.amqp.rabbit.connection.CachingConnectionFactory - Attempting to connect to: [localhost:5672]
2025-08-22T17:28:06,734 WARN  org.springframework.amqp.rabbit.listener.SimpleMessageListenerContainer - Consumer raised exception, processing can restart if the connection factory supports it. Exception summary: org.springframework.amqp.AmqpConnectException: java.net.ConnectException: Connection refused: getsockopt
2025-08-22T17:28:06,735 INFO  org.springframework.amqp.rabbit.listener.SimpleMessageListenerContainer - Restarting Consumer@46305b91: tags=[[]], channel=null, acknowledgeMode=AUTO local queue size=0
2025-08-22T17:28:06,737 INFO  org.springframework.amqp.rabbit.connection.CachingConnectionFactory - Attempting to connect to: [localhost:5672]
2025-08-22T17:28:06,750 ERROR org.springframework.amqp.rabbit.listener.SimpleMessageListenerContainer - Failed to check/redeclare auto-delete queue(s).
2025-08-22T17:28:06,751 INFO  org.springframework.amqp.rabbit.connection.CachingConnectionFactory - Attempting to connect to: [localhost:5672]
2025-08-22T17:28:11,841 WARN  org.springframework.amqp.rabbit.listener.SimpleMessageListenerContainer - Consumer raised exception, processing can restart if the connection factory supports it. Exception summary: org.springframework.amqp.AmqpConnectException: java.net.ConnectException: Connection refused: getsockopt
2025-08-22T17:28:11,842 INFO  org.springframework.amqp.rabbit.listener.SimpleMessageListenerContainer - Restarting Consumer@12b3f82: tags=[[]], channel=null, acknowledgeMode=AUTO local queue size=0
2025-08-22T17:28:11,845 INFO  org.springframework.amqp.rabbit.connection.CachingConnectionFactory - Attempting to connect to: [localhost:5672]
2025-08-22T17:28:11,856 ERROR org.springframework.amqp.rabbit.listener.SimpleMessageListenerContainer - Failed to check/redeclare auto-delete queue(s).
2025-08-22T17:28:11,856 INFO  org.springframework.amqp.rabbit.connection.CachingConnectionFactory - Attempting to connect to: [localhost:5672]
2025-08-22T17:28:16,936 WARN  org.springframework.amqp.rabbit.listener.SimpleMessageListenerContainer - Consumer raised exception, processing can restart if the connection factory supports it. Exception summary: org.springframework.amqp.AmqpConnectException: java.net.ConnectException: Connection refused: getsockopt
2025-08-22T17:28:16,936 INFO  org.springframework.amqp.rabbit.listener.SimpleMessageListenerContainer - Restarting Consumer@1d01038d: tags=[[]], channel=null, acknowledgeMode=AUTO local queue size=0
2025-08-22T17:28:16,937 INFO  org.springframework.amqp.rabbit.connection.CachingConnectionFactory - Attempting to connect to: [localhost:5672]
2025-08-22T17:28:16,952 ERROR org.springframework.amqp.rabbit.listener.SimpleMessageListenerContainer - Failed to check/redeclare auto-delete queue(s).
2025-08-22T17:28:16,952 INFO  org.springframework.amqp.rabbit.connection.CachingConnectionFactory - Attempting to connect to: [localhost:5672]
2025-08-22T17:28:22,043 WARN  org.springframework.amqp.rabbit.listener.SimpleMessageListenerContainer - Consumer raised exception, processing can restart if the connection factory supports it. Exception summary: org.springframework.amqp.AmqpConnectException: java.net.ConnectException: Connection refused: getsockopt
2025-08-22T17:28:22,044 INFO  org.springframework.amqp.rabbit.listener.SimpleMessageListenerContainer - Restarting Consumer@27116437: tags=[[]], channel=null, acknowledgeMode=AUTO local queue size=0
2025-08-22T17:28:22,046 INFO  org.springframework.amqp.rabbit.connection.CachingConnectionFactory - Attempting to connect to: [localhost:5672]
2025-08-22T17:28:22,058 ERROR org.springframework.amqp.rabbit.listener.SimpleMessageListenerContainer - Failed to check/redeclare auto-delete queue(s).
2025-08-22T17:28:22,058 INFO  org.springframework.amqp.rabbit.connection.CachingConnectionFactory - Attempting to connect to: [localhost:5672]
2025-08-22T17:28:27,148 WARN  org.springframework.amqp.rabbit.listener.SimpleMessageListenerContainer - Consumer raised exception, processing can restart if the connection factory supports it. Exception summary: org.springframework.amqp.AmqpConnectException: java.net.ConnectException: Connection refused: getsockopt
2025-08-22T17:28:27,148 INFO  org.springframework.amqp.rabbit.listener.SimpleMessageListenerContainer - Restarting Consumer@6c0ce3c2: tags=[[]], channel=null, acknowledgeMode=AUTO local queue size=0
2025-08-22T17:28:27,149 INFO  org.springframework.amqp.rabbit.connection.CachingConnectionFactory - Attempting to connect to: [localhost:5672]
2025-08-22T17:28:27,180 ERROR org.springframework.amqp.rabbit.listener.SimpleMessageListenerContainer - Failed to check/redeclare auto-delete queue(s).
2025-08-22T17:28:27,180 INFO  org.springframework.amqp.rabbit.connection.CachingConnectionFactory - Attempting to connect to: [localhost:5672]
2025-08-22T17:28:32,342 WARN  org.springframework.amqp.rabbit.listener.SimpleMessageListenerContainer - Consumer raised exception, processing can restart if the connection factory supports it. Exception summary: org.springframework.amqp.AmqpConnectException: java.net.ConnectException: Connection refused: getsockopt
2025-08-22T17:28:32,342 INFO  org.springframework.amqp.rabbit.listener.SimpleMessageListenerContainer - Restarting Consumer@fb4fb5d: tags=[[]], channel=null, acknowledgeMode=AUTO local queue size=0
2025-08-22T17:28:32,343 INFO  org.springframework.amqp.rabbit.connection.CachingConnectionFactory - Attempting to connect to: [localhost:5672]
2025-08-22T17:28:32,374 ERROR org.springframework.amqp.rabbit.listener.SimpleMessageListenerContainer - Failed to check/redeclare auto-delete queue(s).
2025-08-22T17:28:32,375 INFO  org.springframework.amqp.rabbit.connection.CachingConnectionFactory - Attempting to connect to: [localhost:5672]
2025-08-22T17:28:37,526 WARN  org.springframework.amqp.rabbit.listener.SimpleMessageListenerContainer - Consumer raised exception, processing can restart if the connection factory supports it. Exception summary: org.springframework.amqp.AmqpConnectException: java.net.ConnectException: Connection refused: getsockopt
2025-08-22T17:28:37,526 INFO  org.springframework.amqp.rabbit.listener.SimpleMessageListenerContainer - Restarting Consumer@2d2d43ae: tags=[[]], channel=null, acknowledgeMode=AUTO local queue size=0
2025-08-22T17:28:37,527 INFO  org.springframework.amqp.rabbit.connection.CachingConnectionFactory - Attempting to connect to: [localhost:5672]
2025-08-22T17:28:37,528 ERROR org.springframework.amqp.rabbit.listener.SimpleMessageListenerContainer - Failed to check/redeclare auto-delete queue(s).
2025-08-22T17:28:37,529 INFO  org.springframework.amqp.rabbit.connection.CachingConnectionFactory - Attempting to connect to: [localhost:5672]
2025-08-22T17:28:42,658 WARN  org.springframework.amqp.rabbit.listener.SimpleMessageListenerContainer - Consumer raised exception, processing can restart if the connection factory supports it. Exception summary: org.springframework.amqp.AmqpConnectException: java.net.ConnectException: Connection refused: getsockopt
2025-08-22T17:28:42,658 INFO  org.springframework.amqp.rabbit.listener.SimpleMessageListenerContainer - Restarting Consumer@3764e195: tags=[[]], channel=null, acknowledgeMode=AUTO local queue size=0
2025-08-22T17:28:42,659 INFO  org.springframework.amqp.rabbit.connection.CachingConnectionFactory - Attempting to connect to: [localhost:5672]
2025-08-22T17:28:42,674 ERROR org.springframework.amqp.rabbit.listener.SimpleMessageListenerContainer - Failed to check/redeclare auto-delete queue(s).
2025-08-22T17:28:42,675 INFO  org.springframework.amqp.rabbit.connection.CachingConnectionFactory - Attempting to connect to: [localhost:5672]
2025-08-22T17:28:47,797 WARN  org.springframework.amqp.rabbit.listener.SimpleMessageListenerContainer - Consumer raised exception, processing can restart if the connection factory supports it. Exception summary: org.springframework.amqp.AmqpConnectException: java.net.ConnectException: Connection refused: getsockopt
2025-08-22T17:28:47,797 INFO  org.springframework.amqp.rabbit.listener.SimpleMessageListenerContainer - Restarting Consumer@301c631c: tags=[[]], channel=null, acknowledgeMode=AUTO local queue size=0
2025-08-22T17:28:47,799 INFO  org.springframework.amqp.rabbit.connection.CachingConnectionFactory - Attempting to connect to: [localhost:5672]
2025-08-22T17:28:47,813 ERROR org.springframework.amqp.rabbit.listener.SimpleMessageListenerContainer - Failed to check/redeclare auto-delete queue(s).
2025-08-22T17:28:47,814 INFO  org.springframework.amqp.rabbit.connection.CachingConnectionFactory - Attempting to connect to: [localhost:5672]
2025-08-22T17:28:52,956 WARN  org.springframework.amqp.rabbit.listener.SimpleMessageListenerContainer - Consumer raised exception, processing can restart if the connection factory supports it. Exception summary: org.springframework.amqp.AmqpConnectException: java.net.ConnectException: Connection refused: getsockopt
2025-08-22T17:28:52,956 INFO  org.springframework.amqp.rabbit.listener.SimpleMessageListenerContainer - Restarting Consumer@36fc079f: tags=[[]], channel=null, acknowledgeMode=AUTO local queue size=0
2025-08-22T17:28:52,957 INFO  org.springframework.amqp.rabbit.connection.CachingConnectionFactory - Attempting to connect to: [localhost:5672]
2025-08-22T17:28:52,958 ERROR org.springframework.amqp.rabbit.listener.SimpleMessageListenerContainer - Failed to check/redeclare auto-delete queue(s).
2025-08-22T17:28:52,958 INFO  org.springframework.amqp.rabbit.connection.CachingConnectionFactory - Attempting to connect to: [localhost:5672]
2025-08-22T17:28:58,111 WARN  org.springframework.amqp.rabbit.listener.SimpleMessageListenerContainer - Consumer raised exception, processing can restart if the connection factory supports it. Exception summary: org.springframework.amqp.AmqpConnectException: java.net.ConnectException: Connection refused: getsockopt
2025-08-22T17:28:58,111 INFO  org.springframework.amqp.rabbit.listener.SimpleMessageListenerContainer - Restarting Consumer@6a1566c0: tags=[[]], channel=null, acknowledgeMode=AUTO local queue size=0
2025-08-22T17:28:58,112 INFO  org.springframework.amqp.rabbit.connection.CachingConnectionFactory - Attempting to connect to: [localhost:5672]
2025-08-22T17:28:58,113 ERROR org.springframework.amqp.rabbit.listener.SimpleMessageListenerContainer - Failed to check/redeclare auto-delete queue(s).
2025-08-22T17:28:58,114 INFO  org.springframework.amqp.rabbit.connection.CachingConnectionFactory - Attempting to connect to: [localhost:5672]
2025-08-22T17:29:03,252 WARN  org.springframework.amqp.rabbit.listener.SimpleMessageListenerContainer - Consumer raised exception, processing can restart if the connection factory supports it. Exception summary: org.springframework.amqp.AmqpConnectException: java.net.ConnectException: Connection refused: getsockopt
2025-08-22T17:29:03,252 INFO  org.springframework.amqp.rabbit.listener.SimpleMessageListenerContainer - Restarting Consumer@32bb2ac2: tags=[[]], channel=null, acknowledgeMode=AUTO local queue size=0
2025-08-22T17:29:03,253 INFO  org.springframework.amqp.rabbit.connection.CachingConnectionFactory - Attempting to connect to: [localhost:5672]
2025-08-22T17:29:03,254 ERROR org.springframework.amqp.rabbit.listener.SimpleMessageListenerContainer - Failed to check/redeclare auto-delete queue(s).
2025-08-22T17:29:03,254 INFO  org.springframework.amqp.rabbit.connection.CachingConnectionFactory - Attempting to connect to: [localhost:5672]
2025-08-22T17:29:08,370 WARN  org.springframework.amqp.rabbit.listener.SimpleMessageListenerContainer - Consumer raised exception, processing can restart if the connection factory supports it. Exception summary: org.springframework.amqp.AmqpConnectException: java.net.ConnectException: Connection refused: getsockopt
2025-08-22T17:29:08,370 INFO  org.springframework.amqp.rabbit.listener.SimpleMessageListenerContainer - Restarting Consumer@26214f2: tags=[[]], channel=null, acknowledgeMode=AUTO local queue size=0
2025-08-22T17:29:08,371 INFO  org.springframework.amqp.rabbit.connection.CachingConnectionFactory - Attempting to connect to: [localhost:5672]
2025-08-22T17:29:08,372 ERROR org.springframework.amqp.rabbit.listener.SimpleMessageListenerContainer - Failed to check/redeclare auto-delete queue(s).
2025-08-22T17:29:08,372 INFO  org.springframework.amqp.rabbit.connection.CachingConnectionFactory - Attempting to connect to: [localhost:5672]
2025-08-22T17:29:13,540 WARN  org.springframework.amqp.rabbit.listener.SimpleMessageListenerContainer - Consumer raised exception, processing can restart if the connection factory supports it. Exception summary: org.springframework.amqp.AmqpConnectException: java.net.ConnectException: Connection refused: getsockopt
2025-08-22T17:29:13,540 INFO  org.springframework.amqp.rabbit.listener.SimpleMessageListenerContainer - Restarting Consumer@77977268: tags=[[]], channel=null, acknowledgeMode=AUTO local queue size=0
2025-08-22T17:29:13,542 INFO  org.springframework.amqp.rabbit.connection.CachingConnectionFactory - Attempting to connect to: [localhost:5672]
2025-08-22T17:29:13,557 ERROR org.springframework.amqp.rabbit.listener.SimpleMessageListenerContainer - Failed to check/redeclare auto-delete queue(s).
2025-08-22T17:29:13,557 INFO  org.springframework.amqp.rabbit.connection.CachingConnectionFactory - Attempting to connect to: [localhost:5672]
2025-08-22T17:29:18,706 WARN  org.springframework.amqp.rabbit.listener.SimpleMessageListenerContainer - Consumer raised exception, processing can restart if the connection factory supports it. Exception summary: org.springframework.amqp.AmqpConnectException: java.net.ConnectException: Connection refused: getsockopt
2025-08-22T17:29:18,706 INFO  org.springframework.amqp.rabbit.listener.SimpleMessageListenerContainer - Restarting Consumer@7983ebf4: tags=[[]], channel=null, acknowledgeMode=AUTO local queue size=0
2025-08-22T17:29:18,707 INFO  org.springframework.amqp.rabbit.connection.CachingConnectionFactory - Attempting to connect to: [localhost:5672]
2025-08-22T17:29:18,708 ERROR org.springframework.amqp.rabbit.listener.SimpleMessageListenerContainer - Failed to check/redeclare auto-delete queue(s).
2025-08-22T17:29:18,709 INFO  org.springframework.amqp.rabbit.connection.CachingConnectionFactory - Attempting to connect to: [localhost:5672]
2025-08-22T17:29:23,831 WARN  org.springframework.amqp.rabbit.listener.SimpleMessageListenerContainer - Consumer raised exception, processing can restart if the connection factory supports it. Exception summary: org.springframework.amqp.AmqpConnectException: java.net.ConnectException: Connection refused: getsockopt
2025-08-22T17:29:23,831 INFO  org.springframework.amqp.rabbit.listener.SimpleMessageListenerContainer - Restarting Consumer@3773dc14: tags=[[]], channel=null, acknowledgeMode=AUTO local queue size=0
2025-08-22T17:29:23,833 INFO  org.springframework.amqp.rabbit.connection.CachingConnectionFactory - Attempting to connect to: [localhost:5672]
2025-08-22T17:29:23,834 ERROR org.springframework.amqp.rabbit.listener.SimpleMessageListenerContainer - Failed to check/redeclare auto-delete queue(s).
2025-08-22T17:29:23,834 INFO  org.springframework.amqp.rabbit.connection.CachingConnectionFactory - Attempting to connect to: [localhost:5672]
2025-08-22T17:29:28,942 WARN  org.springframework.amqp.rabbit.listener.SimpleMessageListenerContainer - Consumer raised exception, processing can restart if the connection factory supports it. Exception summary: org.springframework.amqp.AmqpConnectException: java.net.ConnectException: Connection refused: getsockopt
2025-08-22T17:29:28,943 INFO  org.springframework.amqp.rabbit.listener.SimpleMessageListenerContainer - Restarting Consumer@7759183a: tags=[[]], channel=null, acknowledgeMode=AUTO local queue size=0
2025-08-22T17:29:28,944 INFO  org.springframework.amqp.rabbit.connection.CachingConnectionFactory - Attempting to connect to: [localhost:5672]
2025-08-22T17:29:28,945 ERROR org.springframework.amqp.rabbit.listener.SimpleMessageListenerContainer - Failed to check/redeclare auto-delete queue(s).
2025-08-22T17:29:28,946 INFO  org.springframework.amqp.rabbit.connection.CachingConnectionFactory - Attempting to connect to: [localhost:5672]
2025-08-22T17:29:32,688 INFO  org.springframework.boot.devtools.autoconfigure.LocalDevToolsAutoConfiguration$RestartingClassPathChangeChangedEventListener - Restarting due to 1 class path change (0 additions, 0 deletions, 1 modification)
2025-08-22T17:29:32,692 INFO  org.springframework.amqp.rabbit.listener.SimpleMessageListenerContainer - Waiting for workers to finish.
2025-08-22T17:29:32,692 INFO  org.springframework.amqp.rabbit.listener.SimpleMessageListenerContainer - Successfully waited for workers to finish.
2025-08-22T17:29:32,693 INFO  org.springframework.boot.web.embedded.tomcat.GracefulShutdown - Commencing graceful shutdown. Waiting for active requests to complete
2025-08-22T17:29:32,694 INFO  org.apache.coyote.http11.Http11NioProtocol - Pausing ProtocolHandler ["http-nio-8080"]
2025-08-22T17:29:32,697 INFO  org.springframework.boot.web.embedded.tomcat.GracefulShutdown - Graceful shutdown complete
2025-08-22T17:29:32,697 INFO  org.apache.coyote.http11.Http11NioProtocol - Stopping ProtocolHandler ["http-nio-8080"]
2025-08-22T17:29:32,759 INFO  com.italo.email_service.EmailServiceApplication - Starting EmailServiceApplication using Java 21.0.8 with PID 18752 (D:\desafios\email-service\target\classes started by italo in D:\desafios\email-service)
2025-08-22T17:29:32,760 INFO  com.italo.email_service.EmailServiceApplication - No active profile set, falling back to 1 default profile: "default"
2025-08-22T17:29:32,915 INFO  org.springframework.boot.web.embedded.tomcat.TomcatWebServer - Tomcat initialized with port 8080 (http)
2025-08-22T17:29:32,916 INFO  org.apache.coyote.http11.Http11NioProtocol - Initializing ProtocolHandler ["http-nio-8080"]
2025-08-22T17:29:32,916 INFO  org.apache.catalina.core.StandardService - Starting service [Tomcat]
2025-08-22T17:29:32,916 INFO  org.apache.catalina.core.StandardEngine - Starting Servlet engine: [Apache Tomcat/10.1.44]
2025-08-22T17:29:32,931 INFO  org.apache.catalina.core.ContainerBase.[Tomcat].[localhost].[/] - Initializing Spring embedded WebApplicationContext
2025-08-22T17:29:32,931 INFO  org.springframework.boot.web.servlet.context.ServletWebServerApplicationContext - Root WebApplicationContext: initialization completed in 169 ms
2025-08-22T17:29:33,031 INFO  org.springframework.boot.devtools.autoconfigure.OptionalLiveReloadServer - LiveReload server is running on port 35729
2025-08-22T17:29:33,039 INFO  org.apache.coyote.http11.Http11NioProtocol - Starting ProtocolHandler ["http-nio-8080"]
2025-08-22T17:29:33,042 INFO  org.springframework.boot.web.embedded.tomcat.TomcatWebServer - Tomcat started on port 8080 (http) with context path '/'
2025-08-22T17:29:33,043 INFO  org.springframework.amqp.rabbit.connection.CachingConnectionFactory - Attempting to connect to: [possum.lmq.cloudamqp.com:5671]
2025-08-22T17:29:33,773 INFO  org.springframework.amqp.rabbit.connection.CachingConnectionFactory - Created new connection: rabbitConnectionFactory#6e04c001:0/SimpleConnection@21ccdc9d [delegate=amqp://xfodgdsm@34.196.5.176:5671/xfodgdsm, localPort=51442]
2025-08-22T17:29:34,413 INFO  com.italo.email_service.EmailServiceApplication - Started EmailServiceApplication in 1.683 seconds (process running for 162.428)
2025-08-22T17:29:34,414 INFO  org.springframework.boot.devtools.autoconfigure.ConditionEvaluationDeltaLoggingListener - Condition evaluation unchanged
2025-08-22T17:32:23,571 ERROR com.italo.email_service.infra.failover.FailoverEmailSender - Failed to send email using SES, trying with GridSdkClientExceptionReceived an UnknownHostException when attempting to interact with a service. See cause for the exact endpoint that is failing to resolve. If this is happening on an endpoint that previously worked, there may be a network connectivity issue or your DNS cache could be storing endpoints for too long.
2025-08-22T17:32:24,185 INFO  com.italo.email_service.infra.grid.GridEmailSender - Email using GRID API sent successfully
2025-08-22T17:37:31,489 INFO  org.springframework.boot.devtools.autoconfigure.LocalDevToolsAutoConfiguration$RestartingClassPathChangeChangedEventListener - Restarting due to 1 class path change (0 additions, 0 deletions, 1 modification)
2025-08-22T17:37:31,596 INFO  org.springframework.amqp.rabbit.listener.SimpleMessageListenerContainer - Waiting for workers to finish.
2025-08-22T17:37:32,134 INFO  org.springframework.amqp.rabbit.listener.SimpleMessageListenerContainer - Successfully waited for workers to finish.
2025-08-22T17:37:32,134 INFO  org.springframework.boot.web.embedded.tomcat.GracefulShutdown - Commencing graceful shutdown. Waiting for active requests to complete
2025-08-22T17:37:32,135 INFO  org.apache.coyote.http11.Http11NioProtocol - Pausing ProtocolHandler ["http-nio-8080"]
2025-08-22T17:37:32,138 INFO  org.springframework.boot.web.embedded.tomcat.GracefulShutdown - Graceful shutdown complete
2025-08-22T17:37:32,138 INFO  org.apache.coyote.http11.Http11NioProtocol - Stopping ProtocolHandler ["http-nio-8080"]
2025-08-22T17:37:32,451 INFO  com.italo.email_service.EmailServiceApplication - Starting EmailServiceApplication using Java 21.0.8 with PID 18752 (D:\desafios\email-service\target\classes started by italo in D:\desafios\email-service)
2025-08-22T17:37:32,452 INFO  com.italo.email_service.EmailServiceApplication - No active profile set, falling back to 1 default profile: "default"
2025-08-22T17:37:32,604 INFO  org.springframework.boot.web.embedded.tomcat.TomcatWebServer - Tomcat initialized with port 8080 (http)
2025-08-22T17:37:32,605 INFO  org.apache.coyote.http11.Http11NioProtocol - Initializing ProtocolHandler ["http-nio-8080"]
2025-08-22T17:37:32,605 INFO  org.apache.catalina.core.StandardService - Starting service [Tomcat]
2025-08-22T17:37:32,606 INFO  org.apache.catalina.core.StandardEngine - Starting Servlet engine: [Apache Tomcat/10.1.44]
2025-08-22T17:37:32,622 INFO  org.apache.catalina.core.ContainerBase.[Tomcat].[localhost].[/] - Initializing Spring embedded WebApplicationContext
2025-08-22T17:37:32,623 INFO  org.springframework.boot.web.servlet.context.ServletWebServerApplicationContext - Root WebApplicationContext: initialization completed in 169 ms
2025-08-22T17:37:32,682 INFO  org.springframework.boot.devtools.autoconfigure.OptionalLiveReloadServer - LiveReload server is running on port 35729
2025-08-22T17:37:32,685 INFO  org.apache.coyote.http11.Http11NioProtocol - Starting ProtocolHandler ["http-nio-8080"]
2025-08-22T17:37:32,688 INFO  org.springframework.boot.web.embedded.tomcat.TomcatWebServer - Tomcat started on port 8080 (http) with context path '/'
2025-08-22T17:37:32,689 INFO  org.springframework.amqp.rabbit.connection.CachingConnectionFactory - Attempting to connect to: [possum.lmq.cloudamqp.com:5671]
2025-08-22T17:37:33,276 INFO  org.springframework.amqp.rabbit.connection.CachingConnectionFactory - Created new connection: rabbitConnectionFactory#182b6fef:0/SimpleConnection@6b048ea4 [delegate=amqp://xfodgdsm@34.196.5.176:5671/xfodgdsm, localPort=51520]
2025-08-22T17:37:33,858 INFO  com.italo.email_service.EmailServiceApplication - Started EmailServiceApplication in 1.435 seconds (process running for 641.873)
2025-08-22T17:37:33,858 INFO  org.springframework.boot.devtools.autoconfigure.ConditionEvaluationDeltaLoggingListener - Condition evaluation unchanged
2025-08-22T17:37:36,439 INFO  org.apache.catalina.core.ContainerBase.[Tomcat].[localhost].[/] - Initializing Spring DispatcherServlet 'dispatcherServlet'
2025-08-22T17:37:36,439 INFO  org.springframework.web.servlet.DispatcherServlet - Initializing Servlet 'dispatcherServlet'
2025-08-22T17:37:36,440 INFO  org.springframework.web.servlet.DispatcherServlet - Completed initialization in 1 ms
2025-08-22T17:37:36,803 ERROR com.italo.email_service.infra.failover.FailoverEmailSender - Failed to send email using SES, trying with GridSdkClientExceptionReceived an UnknownHostException when attempting to interact with a service. See cause for the exact endpoint that is failing to resolve. If this is happening on an endpoint that previously worked, there may be a network connectivity issue or your DNS cache could be storing endpoints for too long.
2025-08-22T17:37:37,297 INFO  com.italo.email_service.infra.grid.GridEmailSender - Email using GRID API sent successfully401
2025-08-22T17:37:37,298 INFO  com.italo.email_service.controllers.EmailSenderController - Email sent successfully
2025-08-22T17:38:02,569 INFO  org.springframework.boot.devtools.autoconfigure.LocalDevToolsAutoConfiguration$RestartingClassPathChangeChangedEventListener - Restarting due to 1 class path change (0 additions, 0 deletions, 1 modification)
2025-08-22T17:38:02,669 INFO  org.springframework.amqp.rabbit.listener.SimpleMessageListenerContainer - Waiting for workers to finish.
2025-08-22T17:38:03,119 INFO  org.springframework.amqp.rabbit.listener.SimpleMessageListenerContainer - Successfully waited for workers to finish.
2025-08-22T17:38:03,119 INFO  org.springframework.boot.web.embedded.tomcat.GracefulShutdown - Commencing graceful shutdown. Waiting for active requests to complete
2025-08-22T17:38:03,120 INFO  org.apache.coyote.http11.Http11NioProtocol - Pausing ProtocolHandler ["http-nio-8080"]
2025-08-22T17:38:03,122 INFO  org.springframework.boot.web.embedded.tomcat.GracefulShutdown - Graceful shutdown complete
2025-08-22T17:38:03,122 INFO  org.apache.coyote.http11.Http11NioProtocol - Stopping ProtocolHandler ["http-nio-8080"]
2025-08-22T17:38:03,416 INFO  com.italo.email_service.EmailServiceApplication - Starting EmailServiceApplication using Java 21.0.8 with PID 18752 (D:\desafios\email-service\target\classes started by italo in D:\desafios\email-service)
2025-08-22T17:38:03,417 INFO  com.italo.email_service.EmailServiceApplication - No active profile set, falling back to 1 default profile: "default"
2025-08-22T17:38:03,556 INFO  org.springframework.boot.web.embedded.tomcat.TomcatWebServer - Tomcat initialized with port 8080 (http)
2025-08-22T17:38:03,557 INFO  org.apache.coyote.http11.Http11NioProtocol - Initializing ProtocolHandler ["http-nio-8080"]
2025-08-22T17:38:03,557 INFO  org.apache.catalina.core.StandardService - Starting service [Tomcat]
2025-08-22T17:38:03,558 INFO  org.apache.catalina.core.StandardEngine - Starting Servlet engine: [Apache Tomcat/10.1.44]
2025-08-22T17:38:03,570 INFO  org.apache.catalina.core.ContainerBase.[Tomcat].[localhost].[/] - Initializing Spring embedded WebApplicationContext
2025-08-22T17:38:03,570 INFO  org.springframework.boot.web.servlet.context.ServletWebServerApplicationContext - Root WebApplicationContext: initialization completed in 152 ms
2025-08-22T17:38:03,624 INFO  org.springframework.boot.devtools.autoconfigure.OptionalLiveReloadServer - LiveReload server is running on port 35729
2025-08-22T17:38:03,627 INFO  org.apache.coyote.http11.Http11NioProtocol - Starting ProtocolHandler ["http-nio-8080"]
2025-08-22T17:38:03,632 INFO  org.springframework.boot.web.embedded.tomcat.TomcatWebServer - Tomcat started on port 8080 (http) with context path '/'
2025-08-22T17:38:03,633 INFO  org.springframework.amqp.rabbit.connection.CachingConnectionFactory - Attempting to connect to: [possum.lmq.cloudamqp.com:5671]
2025-08-22T17:38:04,221 INFO  org.springframework.amqp.rabbit.connection.CachingConnectionFactory - Created new connection: rabbitConnectionFactory#1b90ce21:0/SimpleConnection@11836377 [delegate=amqp://xfodgdsm@34.196.5.176:5671/xfodgdsm, localPort=51527]
2025-08-22T17:38:04,805 INFO  com.italo.email_service.EmailServiceApplication - Started EmailServiceApplication in 1.416 seconds (process running for 672.821)
2025-08-22T17:38:04,806 INFO  org.springframework.boot.devtools.autoconfigure.ConditionEvaluationDeltaLoggingListener - Condition evaluation unchanged
2025-08-22T17:38:07,773 INFO  org.apache.catalina.core.ContainerBase.[Tomcat].[localhost].[/] - Initializing Spring DispatcherServlet 'dispatcherServlet'
2025-08-22T17:38:07,774 INFO  org.springframework.web.servlet.DispatcherServlet - Initializing Servlet 'dispatcherServlet'
2025-08-22T17:38:07,774 INFO  org.springframework.web.servlet.DispatcherServlet - Completed initialization in 0 ms
2025-08-22T17:38:08,358 ERROR com.italo.email_service.infra.failover.FailoverEmailSender - Failed to send email using SES, trying with GridSdkClientExceptionReceived an UnknownHostException when attempting to interact with a service. See cause for the exact endpoint that is failing to resolve. If this is happening on an endpoint that previously worked, there may be a network connectivity issue or your DNS cache could be storing endpoints for too long.
2025-08-22T17:38:08,795 FATAL com.italo.email_service.infra.failover.FailoverEmailSender - Failed to send email using GridEmailServiceExceptionFailed to send email using GRID API
2025-08-22T17:38:08,796 ERROR com.italo.email_service.controllers.EmailSenderController - Fail to send email: EmailServiceExceptionFailed to send email using SES and Grid
2025-08-22T17:38:52,885 INFO  org.springframework.boot.devtools.autoconfigure.LocalDevToolsAutoConfiguration$RestartingClassPathChangeChangedEventListener - Restarting due to 1 class path change (0 additions, 0 deletions, 1 modification)
2025-08-22T17:38:52,984 INFO  org.springframework.amqp.rabbit.listener.SimpleMessageListenerContainer - Waiting for workers to finish.
2025-08-22T17:38:53,278 INFO  org.springframework.amqp.rabbit.listener.SimpleMessageListenerContainer - Successfully waited for workers to finish.
2025-08-22T17:38:53,278 INFO  org.springframework.boot.web.embedded.tomcat.GracefulShutdown - Commencing graceful shutdown. Waiting for active requests to complete
2025-08-22T17:38:53,279 INFO  org.apache.coyote.http11.Http11NioProtocol - Pausing ProtocolHandler ["http-nio-8080"]
2025-08-22T17:38:53,281 INFO  org.springframework.boot.web.embedded.tomcat.GracefulShutdown - Graceful shutdown complete
2025-08-22T17:38:53,281 INFO  org.apache.coyote.http11.Http11NioProtocol - Stopping ProtocolHandler ["http-nio-8080"]
2025-08-22T17:38:53,574 INFO  com.italo.email_service.EmailServiceApplication - Starting EmailServiceApplication using Java 21.0.8 with PID 18752 (D:\desafios\email-service\target\classes started by italo in D:\desafios\email-service)
2025-08-22T17:38:53,575 INFO  com.italo.email_service.EmailServiceApplication - No active profile set, falling back to 1 default profile: "default"
2025-08-22T17:38:53,671 INFO  org.springframework.boot.web.embedded.tomcat.TomcatWebServer - Tomcat initialized with port 8080 (http)
2025-08-22T17:38:53,672 INFO  org.apache.coyote.http11.Http11NioProtocol - Initializing ProtocolHandler ["http-nio-8080"]
2025-08-22T17:38:53,672 INFO  org.apache.catalina.core.StandardService - Starting service [Tomcat]
2025-08-22T17:38:53,673 INFO  org.apache.catalina.core.StandardEngine - Starting Servlet engine: [Apache Tomcat/10.1.44]
2025-08-22T17:38:53,689 INFO  org.apache.catalina.core.ContainerBase.[Tomcat].[localhost].[/] - Initializing Spring embedded WebApplicationContext
2025-08-22T17:38:53,690 INFO  org.springframework.boot.web.servlet.context.ServletWebServerApplicationContext - Root WebApplicationContext: initialization completed in 114 ms
2025-08-22T17:38:53,740 INFO  org.springframework.boot.devtools.autoconfigure.OptionalLiveReloadServer - LiveReload server is running on port 35729
2025-08-22T17:38:53,743 INFO  org.apache.coyote.http11.Http11NioProtocol - Starting ProtocolHandler ["http-nio-8080"]
2025-08-22T17:38:53,752 INFO  org.springframework.boot.web.embedded.tomcat.TomcatWebServer - Tomcat started on port 8080 (http) with context path '/'
2025-08-22T17:38:53,752 INFO  org.springframework.amqp.rabbit.connection.CachingConnectionFactory - Attempting to connect to: [possum.lmq.cloudamqp.com:5671]
2025-08-22T17:38:54,395 INFO  org.springframework.amqp.rabbit.connection.CachingConnectionFactory - Created new connection: rabbitConnectionFactory#51b2d6e0:0/SimpleConnection@6608592d [delegate=amqp://xfodgdsm@34.196.5.176:5671/xfodgdsm, localPort=51541]
2025-08-22T17:38:55,031 INFO  com.italo.email_service.EmailServiceApplication - Started EmailServiceApplication in 1.481 seconds (process running for 723.047)
2025-08-22T17:38:55,032 INFO  org.springframework.boot.devtools.autoconfigure.ConditionEvaluationDeltaLoggingListener - Condition evaluation unchanged
2025-08-22T17:38:59,139 INFO  org.apache.catalina.core.ContainerBase.[Tomcat].[localhost].[/] - Initializing Spring DispatcherServlet 'dispatcherServlet'
2025-08-22T17:38:59,140 INFO  org.springframework.web.servlet.DispatcherServlet - Initializing Servlet 'dispatcherServlet'
2025-08-22T17:38:59,140 INFO  org.springframework.web.servlet.DispatcherServlet - Completed initialization in 0 ms
2025-08-22T17:38:59,550 ERROR com.italo.email_service.infra.failover.FailoverEmailSender - Failed to send email using SES, trying with GridSdkClientExceptionReceived an UnknownHostException when attempting to interact with a service. See cause for the exact endpoint that is failing to resolve. If this is happening on an endpoint that previously worked, there may be a network connectivity issue or your DNS cache could be storing endpoints for too long.
2025-08-22T17:39:00,198 FATAL com.italo.email_service.infra.failover.FailoverEmailSender - Failed to send email using GridEmailServiceExceptionFailed to send email using GRID API
2025-08-22T17:39:00,198 ERROR com.italo.email_service.controllers.EmailSenderController - Fail to send email: EmailServiceExceptionFailed to send email using SES and Grid
2025-08-22T17:39:14,512 INFO  org.springframework.boot.devtools.autoconfigure.LocalDevToolsAutoConfiguration$RestartingClassPathChangeChangedEventListener - Restarting due to 1 class path change (0 additions, 0 deletions, 1 modification)
2025-08-22T17:39:14,621 INFO  org.springframework.amqp.rabbit.listener.SimpleMessageListenerContainer - Waiting for workers to finish.
2025-08-22T17:39:15,221 INFO  org.springframework.amqp.rabbit.listener.SimpleMessageListenerContainer - Successfully waited for workers to finish.
2025-08-22T17:39:15,221 INFO  org.springframework.boot.web.embedded.tomcat.GracefulShutdown - Commencing graceful shutdown. Waiting for active requests to complete
2025-08-22T17:39:15,222 INFO  org.apache.coyote.http11.Http11NioProtocol - Pausing ProtocolHandler ["http-nio-8080"]
2025-08-22T17:39:15,224 INFO  org.springframework.boot.web.embedded.tomcat.GracefulShutdown - Graceful shutdown complete
2025-08-22T17:39:15,224 INFO  org.apache.coyote.http11.Http11NioProtocol - Stopping ProtocolHandler ["http-nio-8080"]
2025-08-22T17:39:15,535 INFO  com.italo.email_service.EmailServiceApplication - Starting EmailServiceApplication using Java 21.0.8 with PID 18752 (D:\desafios\email-service\target\classes started by italo in D:\desafios\email-service)
2025-08-22T17:39:15,536 INFO  com.italo.email_service.EmailServiceApplication - No active profile set, falling back to 1 default profile: "default"
2025-08-22T17:39:15,635 INFO  org.springframework.boot.web.embedded.tomcat.TomcatWebServer - Tomcat initialized with port 8080 (http)
2025-08-22T17:39:15,637 INFO  org.apache.coyote.http11.Http11NioProtocol - Initializing ProtocolHandler ["http-nio-8080"]
2025-08-22T17:39:15,637 INFO  org.apache.catalina.core.StandardService - Starting service [Tomcat]
2025-08-22T17:39:15,637 INFO  org.apache.catalina.core.StandardEngine - Starting Servlet engine: [Apache Tomcat/10.1.44]
2025-08-22T17:39:15,652 INFO  org.apache.catalina.core.ContainerBase.[Tomcat].[localhost].[/] - Initializing Spring embedded WebApplicationContext
2025-08-22T17:39:15,653 INFO  org.springframework.boot.web.servlet.context.ServletWebServerApplicationContext - Root WebApplicationContext: initialization completed in 116 ms
2025-08-22T17:39:15,696 INFO  org.springframework.boot.devtools.autoconfigure.OptionalLiveReloadServer - LiveReload server is running on port 35729
2025-08-22T17:39:15,700 INFO  org.apache.coyote.http11.Http11NioProtocol - Starting ProtocolHandler ["http-nio-8080"]
2025-08-22T17:39:15,703 INFO  org.springframework.boot.web.embedded.tomcat.TomcatWebServer - Tomcat started on port 8080 (http) with context path '/'
2025-08-22T17:39:15,703 INFO  org.springframework.amqp.rabbit.connection.CachingConnectionFactory - Attempting to connect to: [possum.lmq.cloudamqp.com:5671]
2025-08-22T17:39:16,333 INFO  org.springframework.amqp.rabbit.connection.CachingConnectionFactory - Created new connection: rabbitConnectionFactory#2eee24f:0/SimpleConnection@593b1a61 [delegate=amqp://xfodgdsm@34.196.5.176:5671/xfodgdsm, localPort=51545]
2025-08-22T17:39:16,961 INFO  com.italo.email_service.EmailServiceApplication - Started EmailServiceApplication in 1.449 seconds (process running for 744.977)
2025-08-22T17:39:16,962 INFO  org.springframework.boot.devtools.autoconfigure.ConditionEvaluationDeltaLoggingListener - Condition evaluation unchanged
2025-08-22T17:39:17,409 INFO  org.apache.catalina.core.ContainerBase.[Tomcat].[localhost].[/] - Initializing Spring DispatcherServlet 'dispatcherServlet'
2025-08-22T17:39:17,409 INFO  org.springframework.web.servlet.DispatcherServlet - Initializing Servlet 'dispatcherServlet'
2025-08-22T17:39:17,410 INFO  org.springframework.web.servlet.DispatcherServlet - Completed initialization in 1 ms
2025-08-22T17:39:17,671 ERROR com.italo.email_service.infra.failover.FailoverEmailSender - Failed to send email using SES, trying with GridSdkClientExceptionReceived an UnknownHostException when attempting to interact with a service. See cause for the exact endpoint that is failing to resolve. If this is happening on an endpoint that previously worked, there may be a network connectivity issue or your DNS cache could be storing endpoints for too long.
2025-08-22T17:39:18,072 INFO  com.italo.email_service.infra.grid.GridEmailSender - Email using GRID API sent successfully202
2025-08-22T17:39:18,073 INFO  com.italo.email_service.controllers.EmailSenderController - Email sent successfully
